autoID,link.citation,link.methodology,interaction.type,interaction.dimensionality,interaction.classification,con.taxonomy,con.taxonomy.level,con.common,con.lifestage,con.metabolic.type,con.movement.type,con.size.citation,con.size.method,con.length.min.cm.,con.length.mean.cm.,con.length.max.cm.,con.mass.min.g.,con.mass.mean.g.,con.mass.max.g.,res.taxonomy,res.taxonomy.level,res.common,res.lifestage,res.metabolic.type,res.movement.type,res.size.citation,res.size.method,res.length.min.cm.,res.length.mean.cm.,res.length.max.cm.,res.mass.min.g.,res.mass.mean.g.,res.mass.max.g.,geographic.location,longitude,latitude,ecosystem.type,study.site,altitude,depth,sampling.time,sampling.start.year,sampling.end.year,notes,foodweb.name
108947,"Sutherland (1989), Havens (1992)",,detritivorous,2D,nibi,Ictalurus nebulosus,species,brown bullhead,,ectotherm vertebrate,swimming,,,-999,-999.0,-999,-999,83.0,-999,benthic detritus,,,,detritus,sessile,,,-999,-999.0,-999,-999,-999.0,-999,USA,-74.81,43.79,lakes,Adirondack lakes,553.0,-999.0,,,,,Cascade lake
108948,"Sutherland (1989), Havens (1992)",,detritivorous,2D,nibi,fish fry,,,larvae,ectotherm vertebrate,swimming,,,-999,-999.0,-999,-999,0.016,-999,benthic detritus,,,,detritus,sessile,,,-999,-999.0,-999,-999,-999.0,-999,USA,-74.81,43.79,lakes,Adirondack lakes,553.0,-999.0,,,,,Cascade lake
108949,"Sutherland (1989), Havens (1992)",,detritivorous,2D,nibi,Catostomus commersoni,species,white sucker,,ectotherm vertebrate,swimming,,,-999,-999.0,-999,-999,195.0,-999,benthic detritus,,,,detritus,sessile,,,-999,-999.0,-999,-999,-999.0,-999,USA,-74.81,43.79,lakes,Adirondack lakes,553.0,-999.0,,,,,Cascade lake
108950,"Sutherland (1989), Havens (1992)",,predacious,3D  ,ibi,fish fry,,,larvae,ectotherm vertebrate,swimming,,,-999,-999.0,-999,-999,0.016,-999,fish eggs,,,larvae,ectotherm vertebrate,floating,,,-999,-999.0,-999,-999,0.0201,-999,USA,-74.81,43.79,lakes,Adirondack lakes,553.0,-999.0,,,,,Cascade lake
108951,"Sutherland (1989), Havens (1992)",,predacious,3D  ,ibi,Perca flavescens,species,American yellow perch,,ectotherm vertebrate,swimming,,,-999,-999.0,-999,-999,5.0,-999,fish eggs,,,larvae,ectotherm vertebrate,floating,,,-999,-999.0,-999,-999,0.0201,-999,USA,-74.81,43.79,lakes,Adirondack lakes,553.0,-999.0,,,,,Cascade lake
108952,"Sutherland (1989), Havens (1992)",,herbivorous,3D  ,nibi,Daphnia catawba,species,daphnia,,invertebrate,swimming,,,-999,-999.0,-999,-999,1e-05,-999,Oocyctis sp.,genus,green algae,,primary producer,floating,,,-999,-999.0,-999,-999,8.61e-08,-999,USA,-74.81,43.79,lakes,Adirondack lakes,553.0,-999.0,,,,,Cascade lake
108953,"Sutherland (1989), Havens (1992)",,herbivorous,3D  ,nibi,Diaptomus minutus,species,copepod,,invertebrate,swimming,,,-999,-999.0,-999,-999,1.44e-05,-999,Oocyctis sp.,genus,green algae,,primary producer,floating,,,-999,-999.0,-999,-999,8.61e-08,-999,USA,-74.81,43.79,lakes,Adirondack lakes,553.0,-999.0,,,,,Cascade lake
108954,"Sutherland (1989), Havens (1992)",,herbivorous,3D  ,nibi,Keratella taurocephala,species,rotifer,,invertebrate,swimming,,,-999,-999.0,-999,-999,1e-08,-999,Cryptomonas erosa,species,phytoplankton,,primary producer,floating,,,-999,-999.0,-999,-999,4.75e-11,-999,USA,-74.81,43.79,lakes,Adirondack lakes,553.0,-999.0,,,,,Cascade lake
108955,"Sutherland (1989), Havens (1992)",,herbivorous,3D  ,nibi,Keratella taurocephala,species,rotifer,,invertebrate,swimming,,,-999,-999.0,-999,-999,1e-08,-999,Cryptomonas ovata,species,phytoplankton,,primary producer,floating,,,-999,-999.0,-999,-999,4.75e-11,-999,USA,-74.81,43.79,lakes,Adirondack lakes,553.0,-999.0,,,,,Cascade lake
108956,"Sutherland (1989), Havens (1992)",,herbivorous,3D  ,nibi,Kelicottia longispina,species,rotifer,,invertebrate,swimming,,,-999,-999.0,-999,-999,2e-08,-999,Cryptomonas erosa,species,phytoplankton,,primary producer,floating,,,-999,-999.0,-999,-999,4.75e-11,-999,USA,-74.81,43.79,lakes,Adirondack lakes,553.0,-999.0,,,,,Cascade lake
108957,"Sutherland (1989), Havens (1992)",,herbivorous,3D  ,nibi,Kelicottia longispina,species,rotifer,,invertebrate,swimming,,,-999,-999.0,-999,-999,2e-08,-999,Cryptomonas ovata,species,phytoplankton,,primary producer,floating,,,-999,-999.0,-999,-999,4.75e-11,-999,USA,-74.81,43.79,lakes,Adirondack lakes,553.0,-999.0,,,,,Cascade lake
108958,"Sutherland (1989), Havens (1992)",,herbivorous,3D  ,nibi,Holopedium gibberum,species,cladocera,,invertebrate,swimming,,,-999,-999.0,-999,-999,6.82e-05,-999,Oocyctis sp.,genus,green algae,,primary producer,floating,,,-999,-999.0,-999,-999,8.61e-08,-999,USA,-74.81,43.79,lakes,Adirondack lakes,553.0,-999.0,,,,,Cascade lake
108959,"Sutherland (1989), Havens (1992)",,herbivorous,3D  ,nibi,Daphnia catawba,species,daphnia,,invertebrate,swimming,,,-999,-999.0,-999,-999,1e-05,-999,Mallomonas sp.,genus,golden-brown algae,,primary producer,floating,,,-999,-999.0,-999,-999,5.65e-09,-999,USA,-74.81,43.79,lakes,Adirondack lakes,553.0,-999.0,,,,,Cascade lake
108960,"Sutherland (1989), Havens (1992)",,herbivorous,3D  ,nibi,Diaptomus minutus,species,copepod,,invertebrate,swimming,,,-999,-999.0,-999,-999,1.44e-05,-999,Mallomonas sp.,genus,golden-brown algae,,primary producer,floating,,,-999,-999.0,-999,-999,5.65e-09,-999,USA,-74.81,43.79,lakes,Adirondack lakes,553.0,-999.0,,,,,Cascade lake
108961,"Sutherland (1989), Havens (1992)",,herbivorous,3D  ,nibi,Daphnia catawba,species,daphnia,,invertebrate,swimming,,,-999,-999.0,-999,-999,1e-05,-999,Coelastrum sp.,genus,phytoplankton,,primary producer,floating,,,-999,-999.0,-999,-999,1.49e-09,-999,USA,-74.81,43.79,lakes,Adirondack lakes,553.0,-999.0,,,,,Cascade lake
108962,"Sutherland (1989), Havens (1992)",,herbivorous,3D  ,nibi,Daphnia catawba,species,daphnia,,invertebrate,swimming,,,-999,-999.0,-999,-999,1e-05,-999,Sphaerocystis schroeteri,species,green algae,,primary producer,floating,,,-999,-999.0,-999,-999,1.11e-09,-999,USA,-74.81,43.79,lakes,Adirondack lakes,553.0,-999.0,,,,,Cascade lake
108963,"Sutherland (1989), Havens (1992)",,herbivorous,3D  ,nibi,Diaptomus minutus,species,copepod,,invertebrate,swimming,,,-999,-999.0,-999,-999,1.44e-05,-999,Coelastrum sp.,genus,phytoplankton,,primary producer,floating,,,-999,-999.0,-999,-999,1.49e-09,-999,USA,-74.81,43.79,lakes,Adirondack lakes,553.0,-999.0,,,,,Cascade lake
108964,"Sutherland (1989), Havens (1992)",,herbivorous,3D  ,nibi,Daphnia catawba,species,daphnia,,invertebrate,swimming,,,-999,-999.0,-999,-999,1e-05,-999,Navicula sp.,genus,diatom,,primary producer,floating,,,-999,-999.0,-999,-999,9.01e-10,-999,USA,-74.81,43.79,lakes,Adirondack lakes,553.0,-999.0,,,,,Cascade lake
108965,"Sutherland (1989), Havens (1992)",,herbivorous,3D  ,nibi,Holopedium gibberum,species,cladocera,,invertebrate,swimming,,,-999,-999.0,-999,-999,6.82e-05,-999,Mallomonas sp.,genus,golden-brown algae,,primary producer,floating,,,-999,-999.0,-999,-999,5.65e-09,-999,USA,-74.81,43.79,lakes,Adirondack lakes,553.0,-999.0,,,,,Cascade lake
108966,"Sutherland (1989), Havens (1992)",,herbivorous,3D  ,nibi,Daphnia catawba,species,daphnia,,invertebrate,swimming,,,-999,-999.0,-999,-999,1e-05,-999,Gyrosigma sp.,genus,diatom,,primary producer,floating,,,-999,-999.0,-999,-999,7.72e-10,-999,USA,-74.81,43.79,lakes,Adirondack lakes,553.0,-999.0,,,,,Cascade lake
108967,"Sutherland (1989), Havens (1992)",,herbivorous,3D  ,nibi,Diaptomus minutus,species,copepod,,invertebrate,swimming,,,-999,-999.0,-999,-999,1.44e-05,-999,Sphaerocystis schroeteri,species,green algae,,primary producer,floating,,,-999,-999.0,-999,-999,1.11e-09,-999,USA,-74.81,43.79,lakes,Adirondack lakes,553.0,-999.0,,,,,Cascade lake
108968,"Sutherland (1989), Havens (1992)",,herbivorous,3D  ,nibi,Diaptomus minutus,species,copepod,,invertebrate,swimming,,,-999,-999.0,-999,-999,1.44e-05,-999,Navicula sp.,genus,diatom,,primary producer,floating,,,-999,-999.0,-999,-999,9.01e-10,-999,USA,-74.81,43.79,lakes,Adirondack lakes,553.0,-999.0,,,,,Cascade lake
108969,"Sutherland (1989), Havens (1992)",,herbivorous,3D  ,nibi,Daphnia catawba,species,daphnia,,invertebrate,swimming,,,-999,-999.0,-999,-999,1e-05,-999,Melosira sp.,genus,diatom,,primary producer,floating,,,-999,-999.0,-999,-999,5.8e-10,-999,USA,-74.81,43.79,lakes,Adirondack lakes,553.0,-999.0,,,,,Cascade lake
108970,"Sutherland (1989), Havens (1992)",,herbivorous,3D  ,nibi,Diaptomus minutus,species,copepod,,invertebrate,swimming,,,-999,-999.0,-999,-999,1.44e-05,-999,Gyrosigma sp.,genus,diatom,,primary producer,floating,,,-999,-999.0,-999,-999,7.72e-10,-999,USA,-74.81,43.79,lakes,Adirondack lakes,553.0,-999.0,,,,,Cascade lake
108971,"Sutherland (1989), Havens (1992)",,herbivorous,3D  ,nibi,Diaptomus minutus,species,copepod,,invertebrate,swimming,,,-999,-999.0,-999,-999,1.44e-05,-999,Melosira sp.,genus,diatom,,primary producer,floating,,,-999,-999.0,-999,-999,5.8e-10,-999,USA,-74.81,43.79,lakes,Adirondack lakes,553.0,-999.0,,,,,Cascade lake
108972,"Sutherland (1989), Havens (1992)",,herbivorous,3D  ,nibi,Bosmina longirostris,species,water flea,,invertebrate,swimming,,,-999,-999.0,-999,-999,1.55e-06,-999,Cryptomonas erosa,species,phytoplankton,,primary producer,floating,,,-999,-999.0,-999,-999,4.75e-11,-999,USA,-74.81,43.79,lakes,Adirondack lakes,553.0,-999.0,,,,,Cascade lake
108973,"Sutherland (1989), Havens (1992)",,herbivorous,3D  ,nibi,Bosmina longirostris,species,water flea,,invertebrate,swimming,,,-999,-999.0,-999,-999,1.55e-06,-999,Cryptomonas ovata,species,phytoplankton,,primary producer,floating,,,-999,-999.0,-999,-999,4.75e-11,-999,USA,-74.81,43.79,lakes,Adirondack lakes,553.0,-999.0,,,,,Cascade lake
108974,"Sutherland (1989), Havens (1992)",,herbivorous,3D  ,nibi,Holopedium gibberum,species,cladocera,,invertebrate,swimming,,,-999,-999.0,-999,-999,6.82e-05,-999,Coelastrum sp.,genus,phytoplankton,,primary producer,floating,,,-999,-999.0,-999,-999,1.49e-09,-999,USA,-74.81,43.79,lakes,Adirondack lakes,553.0,-999.0,,,,,Cascade lake
108975,"Sutherland (1989), Havens (1992)",,herbivorous,3D  ,nibi,Daphnia catawba,species,daphnia,,invertebrate,swimming,,,-999,-999.0,-999,-999,1e-05,-999,Elakatrothrix gelatinosa,species,phytoplankton,,primary producer,floating,,,-999,-999.0,-999,-999,1.96e-10,-999,USA,-74.81,43.79,lakes,Adirondack lakes,553.0,-999.0,,,,,Cascade lake
108976,"Sutherland (1989), Havens (1992)",,herbivorous,3D  ,nibi,Holopedium gibberum,species,cladocera,,invertebrate,swimming,,,-999,-999.0,-999,-999,6.82e-05,-999,Sphaerocystis schroeteri,species,green algae,,primary producer,floating,,,-999,-999.0,-999,-999,1.11e-09,-999,USA,-74.81,43.79,lakes,Adirondack lakes,553.0,-999.0,,,,,Cascade lake
108977,"Sutherland (1989), Havens (1992)",,herbivorous,3D  ,nibi,Daphnia catawba,species,daphnia,,invertebrate,swimming,,,-999,-999.0,-999,-999,1e-05,-999,Scenedesmus longus,species,green algae,,primary producer,floating,,,-999,-999.0,-999,-999,1.61e-10,-999,USA,-74.81,43.79,lakes,Adirondack lakes,553.0,-999.0,,,,,Cascade lake
108978,"Sutherland (1989), Havens (1992)",,herbivorous,3D  ,nibi,Daphnia catawba,species,daphnia,,invertebrate,swimming,,,-999,-999.0,-999,-999,1e-05,-999,Scenedesmus sp.,genus,green algae,,primary producer,floating,,,-999,-999.0,-999,-999,1.61e-10,-999,USA,-74.81,43.79,lakes,Adirondack lakes,553.0,-999.0,,,,,Cascade lake
108979,"Sutherland (1989), Havens (1992)",,herbivorous,3D  ,nibi,Diaptomus minutus,species,copepod,,invertebrate,swimming,,,-999,-999.0,-999,-999,1.44e-05,-999,Elakatrothrix gelatinosa,species,phytoplankton,,primary producer,floating,,,-999,-999.0,-999,-999,1.96e-10,-999,USA,-74.81,43.79,lakes,Adirondack lakes,553.0,-999.0,,,,,Cascade lake
108980,"Sutherland (1989), Havens (1992)",,herbivorous,3D  ,nibi,Holopedium gibberum,species,cladocera,,invertebrate,swimming,,,-999,-999.0,-999,-999,6.82e-05,-999,Navicula sp.,genus,diatom,,primary producer,floating,,,-999,-999.0,-999,-999,9.01e-10,-999,USA,-74.81,43.79,lakes,Adirondack lakes,553.0,-999.0,,,,,Cascade lake
108981,"Sutherland (1989), Havens (1992)",,herbivorous,3D  ,nibi,Holopedium gibberum,species,cladocera,,invertebrate,swimming,,,-999,-999.0,-999,-999,6.82e-05,-999,Gyrosigma sp.,genus,diatom,,primary producer,floating,,,-999,-999.0,-999,-999,7.72e-10,-999,USA,-74.81,43.79,lakes,Adirondack lakes,553.0,-999.0,,,,,Cascade lake
108982,"Sutherland (1989), Havens (1992)",,herbivorous,3D  ,nibi,Diaptomus minutus,species,copepod,,invertebrate,swimming,,,-999,-999.0,-999,-999,1.44e-05,-999,Scenedesmus longus,species,green algae,,primary producer,floating,,,-999,-999.0,-999,-999,1.61e-10,-999,USA,-74.81,43.79,lakes,Adirondack lakes,553.0,-999.0,,,,,Cascade lake
108983,"Sutherland (1989), Havens (1992)",,herbivorous,3D  ,nibi,Diaptomus minutus,species,copepod,,invertebrate,swimming,,,-999,-999.0,-999,-999,1.44e-05,-999,Scenedesmus sp.,genus,green algae,,primary producer,floating,,,-999,-999.0,-999,-999,1.61e-10,-999,USA,-74.81,43.79,lakes,Adirondack lakes,553.0,-999.0,,,,,Cascade lake
108984,"Sutherland (1989), Havens (1992)",,herbivorous,3D  ,nibi,Daphnia catawba,species,daphnia,,invertebrate,swimming,,,-999,-999.0,-999,-999,1e-05,-999,Cyclotella sp.,genus,phytoplankton,,primary producer,floating,,,-999,-999.0,-999,-999,1.05e-10,-999,USA,-74.81,43.79,lakes,Adirondack lakes,553.0,-999.0,,,,,Cascade lake
108985,"Sutherland (1989), Havens (1992)",,herbivorous,3D  ,nibi,Holopedium gibberum,species,cladocera,,invertebrate,swimming,,,-999,-999.0,-999,-999,6.82e-05,-999,Melosira sp.,genus,diatom,,primary producer,floating,,,-999,-999.0,-999,-999,5.8e-10,-999,USA,-74.81,43.79,lakes,Adirondack lakes,553.0,-999.0,,,,,Cascade lake
108986,"Sutherland (1989), Havens (1992)",,herbivorous,3D  ,nibi,Diaptomus minutus,species,copepod,,invertebrate,swimming,,,-999,-999.0,-999,-999,1.44e-05,-999,Cyclotella sp.,genus,phytoplankton,,primary producer,floating,,,-999,-999.0,-999,-999,1.05e-10,-999,USA,-74.81,43.79,lakes,Adirondack lakes,553.0,-999.0,,,,,Cascade lake
108987,"Sutherland (1989), Havens (1992)",,herbivorous,3D  ,nibi,Daphnia catawba,species,daphnia,,invertebrate,swimming,,,-999,-999.0,-999,-999,1e-05,-999,Cryptomonas erosa,species,phytoplankton,,primary producer,floating,,,-999,-999.0,-999,-999,4.75e-11,-999,USA,-74.81,43.79,lakes,Adirondack lakes,553.0,-999.0,,,,,Cascade lake
108988,"Sutherland (1989), Havens (1992)",,herbivorous,3D  ,nibi,Daphnia catawba,species,daphnia,,invertebrate,swimming,,,-999,-999.0,-999,-999,1e-05,-999,Cryptomonas ovata,species,phytoplankton,,primary producer,floating,,,-999,-999.0,-999,-999,4.75e-11,-999,USA,-74.81,43.79,lakes,Adirondack lakes,553.0,-999.0,,,,,Cascade lake
108989,"Sutherland (1989), Havens (1992)",,herbivorous,3D  ,nibi,Daphnia catawba,species,daphnia,,invertebrate,swimming,,,-999,-999.0,-999,-999,1e-05,-999,Botryococcus braunii,species,phytoplankton,,primary producer,floating,,,-999,-999.0,-999,-999,3.64e-11,-999,USA,-74.81,43.79,lakes,Adirondack lakes,553.0,-999.0,,,,,Cascade lake
108990,"Sutherland (1989), Havens (1992)",,herbivorous,3D  ,nibi,Diaptomus minutus,species,copepod,,invertebrate,swimming,,,-999,-999.0,-999,-999,1.44e-05,-999,Cryptomonas erosa,species,phytoplankton,,primary producer,floating,,,-999,-999.0,-999,-999,4.75e-11,-999,USA,-74.81,43.79,lakes,Adirondack lakes,553.0,-999.0,,,,,Cascade lake
108991,"Sutherland (1989), Havens (1992)",,herbivorous,3D  ,nibi,Diaptomus minutus,species,copepod,,invertebrate,swimming,,,-999,-999.0,-999,-999,1.44e-05,-999,Cryptomonas ovata,species,phytoplankton,,primary producer,floating,,,-999,-999.0,-999,-999,4.75e-11,-999,USA,-74.81,43.79,lakes,Adirondack lakes,553.0,-999.0,,,,,Cascade lake
108992,"Sutherland (1989), Havens (1992)",,herbivorous,3D  ,nibi,Holopedium gibberum,species,cladocera,,invertebrate,swimming,,,-999,-999.0,-999,-999,6.82e-05,-999,Elakatrothrix gelatinosa,species,phytoplankton,,primary producer,floating,,,-999,-999.0,-999,-999,1.96e-10,-999,USA,-74.81,43.79,lakes,Adirondack lakes,553.0,-999.0,,,,,Cascade lake
108993,"Sutherland (1989), Havens (1992)",,herbivorous,3D  ,nibi,Conochiloides hippocrepis,species,rotifer,,invertebrate,swimming,,,-999,-999.0,-999,-999,1.73e-05,-999,Cryptomonas erosa,species,phytoplankton,,primary producer,floating,,,-999,-999.0,-999,-999,4.75e-11,-999,USA,-74.81,43.79,lakes,Adirondack lakes,553.0,-999.0,,,,,Cascade lake
108994,"Sutherland (1989), Havens (1992)",,herbivorous,3D  ,nibi,Conochiloides hippocrepis,species,rotifer,,invertebrate,swimming,,,-999,-999.0,-999,-999,1.73e-05,-999,Cryptomonas ovata,species,phytoplankton,,primary producer,floating,,,-999,-999.0,-999,-999,4.75e-11,-999,USA,-74.81,43.79,lakes,Adirondack lakes,553.0,-999.0,,,,,Cascade lake
108995,"Sutherland (1989), Havens (1992)",,herbivorous,3D  ,nibi,Diaptomus minutus,species,copepod,,invertebrate,swimming,,,-999,-999.0,-999,-999,1.44e-05,-999,Botryococcus braunii,species,phytoplankton,,primary producer,floating,,,-999,-999.0,-999,-999,3.64e-11,-999,USA,-74.81,43.79,lakes,Adirondack lakes,553.0,-999.0,,,,,Cascade lake
108996,"Sutherland (1989), Havens (1992)",,herbivorous,3D  ,nibi,Daphnia catawba,species,daphnia,,invertebrate,swimming,,,-999,-999.0,-999,-999,1e-05,-999,Merismopedia tenuissima,species,cyanobacteria,,primary producer,floating,,,-999,-999.0,-999,-999,2.41e-11,-999,USA,-74.81,43.79,lakes,Adirondack lakes,553.0,-999.0,,,,,Cascade lake
108997,"Sutherland (1989), Havens (1992)",,herbivorous,3D  ,nibi,Holopedium gibberum,species,cladocera,,invertebrate,swimming,,,-999,-999.0,-999,-999,6.82e-05,-999,Scenedesmus longus,species,green algae,,primary producer,floating,,,-999,-999.0,-999,-999,1.61e-10,-999,USA,-74.81,43.79,lakes,Adirondack lakes,553.0,-999.0,,,,,Cascade lake
108998,"Sutherland (1989), Havens (1992)",,herbivorous,3D  ,nibi,Holopedium gibberum,species,cladocera,,invertebrate,swimming,,,-999,-999.0,-999,-999,6.82e-05,-999,Scenedesmus sp.,genus,green algae,,primary producer,floating,,,-999,-999.0,-999,-999,1.61e-10,-999,USA,-74.81,43.79,lakes,Adirondack lakes,553.0,-999.0,,,,,Cascade lake
108999,"Sutherland (1989), Havens (1992)",,herbivorous,3D  ,nibi,Diaptomus minutus,species,copepod,,invertebrate,swimming,,,-999,-999.0,-999,-999,1.44e-05,-999,Merismopedia tenuissima,species,cyanobacteria,,primary producer,floating,,,-999,-999.0,-999,-999,2.41e-11,-999,USA,-74.81,43.79,lakes,Adirondack lakes,553.0,-999.0,,,,,Cascade lake
109000,"Sutherland (1989), Havens (1992)",,herbivorous,3D  ,nibi,Holopedium gibberum,species,cladocera,,invertebrate,swimming,,,-999,-999.0,-999,-999,6.82e-05,-999,Cyclotella sp.,genus,phytoplankton,,primary producer,floating,,,-999,-999.0,-999,-999,1.05e-10,-999,USA,-74.81,43.79,lakes,Adirondack lakes,553.0,-999.0,,,,,Cascade lake
109001,"Sutherland (1989), Havens (1992)",,herbivorous,3D  ,nibi,Diaphanosoma birgei,species,cladocera,,invertebrate,swimming,,,-999,-999.0,-999,-999,4.01e-05,-999,Cryptomonas erosa,species,phytoplankton,,primary producer,floating,,,-999,-999.0,-999,-999,4.75e-11,-999,USA,-74.81,43.79,lakes,Adirondack lakes,553.0,-999.0,,,,,Cascade lake
109002,"Sutherland (1989), Havens (1992)",,herbivorous,3D  ,nibi,Diaphanosoma birgei,species,cladocera,,invertebrate,swimming,,,-999,-999.0,-999,-999,4.01e-05,-999,Cryptomonas ovata,species,phytoplankton,,primary producer,floating,,,-999,-999.0,-999,-999,4.75e-11,-999,USA,-74.81,43.79,lakes,Adirondack lakes,553.0,-999.0,,,,,Cascade lake
109003,"Sutherland (1989), Havens (1992)",,herbivorous,3D  ,nibi,Holopedium gibberum,species,cladocera,,invertebrate,swimming,,,-999,-999.0,-999,-999,6.82e-05,-999,Cryptomonas erosa,species,phytoplankton,,primary producer,floating,,,-999,-999.0,-999,-999,4.75e-11,-999,USA,-74.81,43.79,lakes,Adirondack lakes,553.0,-999.0,,,,,Cascade lake
109004,"Sutherland (1989), Havens (1992)",,herbivorous,3D  ,nibi,Holopedium gibberum,species,cladocera,,invertebrate,swimming,,,-999,-999.0,-999,-999,6.82e-05,-999,Cryptomonas ovata,species,phytoplankton,,primary producer,floating,,,-999,-999.0,-999,-999,4.75e-11,-999,USA,-74.81,43.79,lakes,Adirondack lakes,553.0,-999.0,,,,,Cascade lake
109005,"Sutherland (1989), Havens (1992)",,herbivorous,3D  ,nibi,Holopedium gibberum,species,cladocera,,invertebrate,swimming,,,-999,-999.0,-999,-999,6.82e-05,-999,Botryococcus braunii,species,phytoplankton,,primary producer,floating,,,-999,-999.0,-999,-999,3.64e-11,-999,USA,-74.81,43.79,lakes,Adirondack lakes,553.0,-999.0,,,,,Cascade lake
109006,"Sutherland (1989), Havens (1992)",,herbivorous,3D  ,nibi,Holopedium gibberum,species,cladocera,,invertebrate,swimming,,,-999,-999.0,-999,-999,6.82e-05,-999,Merismopedia tenuissima,species,cyanobacteria,,primary producer,floating,,,-999,-999.0,-999,-999,2.41e-11,-999,USA,-74.81,43.79,lakes,Adirondack lakes,553.0,-999.0,,,,,Cascade lake
109007,"Sutherland (1989), Havens (1992)",,herbivorous,3D  ,nibi,fish fry,,,larvae,ectotherm vertebrate,swimming,,,-999,-999.0,-999,-999,0.016,-999,Melosira sp.,genus,diatom,,primary producer,floating,,,-999,-999.0,-999,-999,5.8e-10,-999,USA,-74.81,43.79,lakes,Adirondack lakes,553.0,-999.0,,,,,Cascade lake
109008,"Sutherland (1989), Havens (1992)",,herbivorous,3D  ,nibi,copepod nauplii,,copepod,nauplii,invertebrate,swimming,,,-999,-999.0,-999,-999,0.001812356,-999,Cryptomonas erosa,species,phytoplankton,,primary producer,floating,,,-999,-999.0,-999,-999,4.75e-11,-999,USA,-74.81,43.79,lakes,Adirondack lakes,553.0,-999.0,,,,,Cascade lake
109009,"Sutherland (1989), Havens (1992)",,herbivorous,3D  ,nibi,copepod nauplii,,copepod,nauplii,invertebrate,swimming,,,-999,-999.0,-999,-999,0.001812356,-999,Cryptomonas ovata,species,phytoplankton,,primary producer,floating,,,-999,-999.0,-999,-999,4.75e-11,-999,USA,-74.81,43.79,lakes,Adirondack lakes,553.0,-999.0,,,,,Cascade lake
109010,"Sutherland (1989), Havens (1992)",,predacious,3D  ,ibi,Tropocyclops prasinus,species,copepod,,invertebrate,swimming,,,-999,-999.0,-999,-999,6.85e-06,-999,copepod nauplii,,copepod,nauplii,invertebrate,swimming,,,-999,-999.0,-999,-999,0.001812356,-999,USA,-74.81,43.79,lakes,Adirondack lakes,553.0,-999.0,,,,,Cascade lake
109011,"Sutherland (1989), Havens (1992)",,predacious,3D  ,ibi,Mesocyclops edax,species,copepod,,invertebrate,swimming,,,-999,-999.0,-999,-999,1e-05,-999,copepod nauplii,,copepod,nauplii,invertebrate,swimming,,,-999,-999.0,-999,-999,0.001812356,-999,USA,-74.81,43.79,lakes,Adirondack lakes,553.0,-999.0,,,,,Cascade lake
109012,"Sutherland (1989), Havens (1992)",,predacious,3D  ,ibi,Epishura lacustris,species,copepod,,invertebrate,swimming,,,-999,-999.0,-999,-999,0.000122,-999,copepod nauplii,,copepod,nauplii,invertebrate,swimming,,,-999,-999.0,-999,-999,0.001812356,-999,USA,-74.81,43.79,lakes,Adirondack lakes,553.0,-999.0,,,,,Cascade lake
109013,"Sutherland (1989), Havens (1992)",,predacious,3D  ,ibi,Tropocyclops prasinus,species,copepod,,invertebrate,swimming,,,-999,-999.0,-999,-999,6.85e-06,-999,Conochiloides hippocrepis,species,rotifer,,invertebrate,swimming,,,-999,-999.0,-999,-999,1.73e-05,-999,USA,-74.81,43.79,lakes,Adirondack lakes,553.0,-999.0,,,,,Cascade lake
109014,"Sutherland (1989), Havens (1992)",,predacious,3D  ,ibi,Tropocyclops prasinus,species,copepod,,invertebrate,swimming,,,-999,-999.0,-999,-999,6.85e-06,-999,Diaptomus minutus,species,copepod,,invertebrate,swimming,,,-999,-999.0,-999,-999,1.44e-05,-999,USA,-74.81,43.79,lakes,Adirondack lakes,553.0,-999.0,,,,,Cascade lake
109015,"Sutherland (1989), Havens (1992)",,predacious,3D  ,ibi,Mesocyclops edax,species,copepod,,invertebrate,swimming,,,-999,-999.0,-999,-999,1e-05,-999,Conochiloides hippocrepis,species,rotifer,,invertebrate,swimming,,,-999,-999.0,-999,-999,1.73e-05,-999,USA,-74.81,43.79,lakes,Adirondack lakes,553.0,-999.0,,,,,Cascade lake
109016,"Sutherland (1989), Havens (1992)",,predacious,3D  ,ibi,Tropocyclops prasinus,species,copepod,,invertebrate,swimming,,,-999,-999.0,-999,-999,6.85e-06,-999,Mesocyclops edax,species,copepod,,invertebrate,swimming,,,-999,-999.0,-999,-999,1e-05,-999,USA,-74.81,43.79,lakes,Adirondack lakes,553.0,-999.0,,,,,Cascade lake
109017,"Sutherland (1989), Havens (1992)",,predacious,3D  ,ibi,Mesocyclops edax,species,copepod,,invertebrate,swimming,,,-999,-999.0,-999,-999,1e-05,-999,Diaptomus minutus,species,copepod,,invertebrate,swimming,,,-999,-999.0,-999,-999,1.44e-05,-999,USA,-74.81,43.79,lakes,Adirondack lakes,553.0,-999.0,,,,,Cascade lake
109018,"Sutherland (1989), Havens (1992)",,predacious,3D  ,ibi,Salvelinus fontinalis,species,brook trout,,ectotherm vertebrate,swimming,,,-999,-999.0,-999,-999,333.0,-999,Salvelinus fontinalis,species,brook trout,,ectotherm vertebrate,swimming,,,-999,-999.0,-999,-999,333.0,-999,USA,-74.81,43.79,lakes,Adirondack lakes,553.0,-999.0,,,,,Cascade lake
109019,"Sutherland (1989), Havens (1992)",,predacious,3D  ,ibi,Mesocyclops edax,species,copepod,,invertebrate,swimming,,,-999,-999.0,-999,-999,1e-05,-999,Mesocyclops edax,species,copepod,,invertebrate,swimming,,,-999,-999.0,-999,-999,1e-05,-999,USA,-74.81,43.79,lakes,Adirondack lakes,553.0,-999.0,,,,,Cascade lake
109020,"Sutherland (1989), Havens (1992)",,predacious,3D  ,ibi,Tropocyclops prasinus,species,copepod,,invertebrate,swimming,,,-999,-999.0,-999,-999,6.85e-06,-999,Tropocyclops prasinus,species,copepod,,invertebrate,swimming,,,-999,-999.0,-999,-999,6.85e-06,-999,USA,-74.81,43.79,lakes,Adirondack lakes,553.0,-999.0,,,,,Cascade lake
109021,"Sutherland (1989), Havens (1992)",,predacious,3D  ,ibi,Mesocyclops edax,species,copepod,,invertebrate,swimming,,,-999,-999.0,-999,-999,1e-05,-999,Tropocyclops prasinus,species,copepod,,invertebrate,swimming,,,-999,-999.0,-999,-999,6.85e-06,-999,USA,-74.81,43.79,lakes,Adirondack lakes,553.0,-999.0,,,,,Cascade lake
109022,"Sutherland (1989), Havens (1992)",,predacious,3D  ,ibi,Salvelinus fontinalis,species,brook trout,,ectotherm vertebrate,swimming,,,-999,-999.0,-999,-999,333.0,-999,Catostomus commersoni,species,white sucker,,ectotherm vertebrate,swimming,,,-999,-999.0,-999,-999,195.0,-999,USA,-74.81,43.79,lakes,Adirondack lakes,553.0,-999.0,,,,,Cascade lake
109023,"Sutherland (1989), Havens (1992)",,predacious,3D  ,ibi,Salvelinus fontinalis,species,brook trout,,ectotherm vertebrate,swimming,,,-999,-999.0,-999,-999,333.0,-999,Ictalurus nebulosus,species,brown bullhead,,ectotherm vertebrate,swimming,,,-999,-999.0,-999,-999,83.0,-999,USA,-74.81,43.79,lakes,Adirondack lakes,553.0,-999.0,,,,,Cascade lake
109024,"Sutherland (1989), Havens (1992)",,predacious,3D  ,ibi,Tropocyclops prasinus,species,copepod,,invertebrate,swimming,,,-999,-999.0,-999,-999,6.85e-06,-999,Bosmina longirostris,species,water flea,,invertebrate,swimming,,,-999,-999.0,-999,-999,1.55e-06,-999,USA,-74.81,43.79,lakes,Adirondack lakes,553.0,-999.0,,,,,Cascade lake
109025,"Sutherland (1989), Havens (1992)",,predacious,3D  ,ibi,Mesocyclops edax,species,copepod,,invertebrate,swimming,,,-999,-999.0,-999,-999,1e-05,-999,Bosmina longirostris,species,water flea,,invertebrate,swimming,,,-999,-999.0,-999,-999,1.55e-06,-999,USA,-74.81,43.79,lakes,Adirondack lakes,553.0,-999.0,,,,,Cascade lake
109026,"Sutherland (1989), Havens (1992)",,predacious,3D  ,ibi,Epishura lacustris,species,copepod,,invertebrate,swimming,,,-999,-999.0,-999,-999,0.000122,-999,Conochiloides hippocrepis,species,rotifer,,invertebrate,swimming,,,-999,-999.0,-999,-999,1.73e-05,-999,USA,-74.81,43.79,lakes,Adirondack lakes,553.0,-999.0,,,,,Cascade lake
109027,"Sutherland (1989), Havens (1992)",,predacious,3D  ,ibi,fish fry,,,larvae,ectotherm vertebrate,swimming,,,-999,-999.0,-999,-999,0.016,-999,copepod nauplii,,copepod,nauplii,invertebrate,swimming,,,-999,-999.0,-999,-999,0.001812356,-999,USA,-74.81,43.79,lakes,Adirondack lakes,553.0,-999.0,,,,,Cascade lake
109028,"Sutherland (1989), Havens (1992)",,predacious,3D  ,ibi,Salvelinus fontinalis,species,brook trout,,ectotherm vertebrate,swimming,,,-999,-999.0,-999,-999,333.0,-999,Perca flavescens,species,American yellow perch,,ectotherm vertebrate,swimming,,,-999,-999.0,-999,-999,5.0,-999,USA,-74.81,43.79,lakes,Adirondack lakes,553.0,-999.0,,,,,Cascade lake
109029,"Sutherland (1989), Havens (1992)",,predacious,3D  ,ibi,Epishura lacustris,species,copepod,,invertebrate,swimming,,,-999,-999.0,-999,-999,0.000122,-999,Bosmina longirostris,species,water flea,,invertebrate,swimming,,,-999,-999.0,-999,-999,1.55e-06,-999,USA,-74.81,43.79,lakes,Adirondack lakes,553.0,-999.0,,,,,Cascade lake
109030,"Sutherland (1989), Havens (1992)",,predacious,3D  ,ibi,fish fry,,,larvae,ectotherm vertebrate,swimming,,,-999,-999.0,-999,-999,0.016,-999,Epishura lacustris,species,copepod,,invertebrate,swimming,,,-999,-999.0,-999,-999,0.000122,-999,USA,-74.81,43.79,lakes,Adirondack lakes,553.0,-999.0,,,,,Cascade lake
109031,"Sutherland (1989), Havens (1992)",,predacious,3D  ,ibi,fish fry,,,larvae,ectotherm vertebrate,swimming,,,-999,-999.0,-999,-999,0.016,-999,Holopedium gibberum,species,cladocera,,invertebrate,swimming,,,-999,-999.0,-999,-999,6.82e-05,-999,USA,-74.81,43.79,lakes,Adirondack lakes,553.0,-999.0,,,,,Cascade lake
109032,"Sutherland (1989), Havens (1992)",,predacious,3D  ,ibi,Perca flavescens,species,American yellow perch,,ectotherm vertebrate,swimming,,,-999,-999.0,-999,-999,5.0,-999,fish fry,,,larvae,ectotherm vertebrate,swimming,,,-999,-999.0,-999,-999,0.016,-999,USA,-74.81,43.79,lakes,Adirondack lakes,553.0,-999.0,,,,,Cascade lake
109033,"Sutherland (1989), Havens (1992)",,predacious,3D  ,ibi,Tropocyclops prasinus,species,copepod,,invertebrate,swimming,,,-999,-999.0,-999,-999,6.85e-06,-999,Kelicottia longispina,species,rotifer,,invertebrate,swimming,,,-999,-999.0,-999,-999,2e-08,-999,USA,-74.81,43.79,lakes,Adirondack lakes,553.0,-999.0,,,,,Cascade lake
109034,"Sutherland (1989), Havens (1992)",,predacious,3D  ,ibi,fish fry,,,larvae,ectotherm vertebrate,swimming,,,-999,-999.0,-999,-999,0.016,-999,Diaphanosoma birgei,species,cladocera,,invertebrate,swimming,,,-999,-999.0,-999,-999,4.01e-05,-999,USA,-74.81,43.79,lakes,Adirondack lakes,553.0,-999.0,,,,,Cascade lake
109035,"Sutherland (1989), Havens (1992)",,predacious,3D  ,ibi,Mesocyclops edax,species,copepod,,invertebrate,swimming,,,-999,-999.0,-999,-999,1e-05,-999,Kelicottia longispina,species,rotifer,,invertebrate,swimming,,,-999,-999.0,-999,-999,2e-08,-999,USA,-74.81,43.79,lakes,Adirondack lakes,553.0,-999.0,,,,,Cascade lake
109036,"Sutherland (1989), Havens (1992)",,predacious,3D  ,ibi,Tropocyclops prasinus,species,copepod,,invertebrate,swimming,,,-999,-999.0,-999,-999,6.85e-06,-999,Keratella taurocephala,species,rotifer,,invertebrate,swimming,,,-999,-999.0,-999,-999,1e-08,-999,USA,-74.81,43.79,lakes,Adirondack lakes,553.0,-999.0,,,,,Cascade lake
109037,"Sutherland (1989), Havens (1992)",,predacious,3D  ,ibi,fish fry,,,larvae,ectotherm vertebrate,swimming,,,-999,-999.0,-999,-999,0.016,-999,Conochiloides hippocrepis,species,rotifer,,invertebrate,swimming,,,-999,-999.0,-999,-999,1.73e-05,-999,USA,-74.81,43.79,lakes,Adirondack lakes,553.0,-999.0,,,,,Cascade lake
109038,"Sutherland (1989), Havens (1992)",,predacious,3D  ,ibi,Mesocyclops edax,species,copepod,,invertebrate,swimming,,,-999,-999.0,-999,-999,1e-05,-999,Keratella taurocephala,species,rotifer,,invertebrate,swimming,,,-999,-999.0,-999,-999,1e-08,-999,USA,-74.81,43.79,lakes,Adirondack lakes,553.0,-999.0,,,,,Cascade lake
109039,"Sutherland (1989), Havens (1992)",,predacious,3D  ,ibi,fish fry,,,larvae,ectotherm vertebrate,swimming,,,-999,-999.0,-999,-999,0.016,-999,Diaptomus minutus,species,copepod,,invertebrate,swimming,,,-999,-999.0,-999,-999,1.44e-05,-999,USA,-74.81,43.79,lakes,Adirondack lakes,553.0,-999.0,,,,,Cascade lake
109040,"Sutherland (1989), Havens (1992)",,predacious,3D  ,ibi,fish fry,,,larvae,ectotherm vertebrate,swimming,,,-999,-999.0,-999,-999,0.016,-999,Daphnia catawba,species,daphnia,,invertebrate,swimming,,,-999,-999.0,-999,-999,1e-05,-999,USA,-74.81,43.79,lakes,Adirondack lakes,553.0,-999.0,,,,,Cascade lake
109041,"Sutherland (1989), Havens (1992)",,predacious,3D  ,ibi,fish fry,,,larvae,ectotherm vertebrate,swimming,,,-999,-999.0,-999,-999,0.016,-999,Mesocyclops edax,species,copepod,,invertebrate,swimming,,,-999,-999.0,-999,-999,1e-05,-999,USA,-74.81,43.79,lakes,Adirondack lakes,553.0,-999.0,,,,,Cascade lake
109042,"Sutherland (1989), Havens (1992)",,predacious,3D  ,ibi,fish fry,,,larvae,ectotherm vertebrate,swimming,,,-999,-999.0,-999,-999,0.016,-999,Tropocyclops prasinus,species,copepod,,invertebrate,swimming,,,-999,-999.0,-999,-999,6.85e-06,-999,USA,-74.81,43.79,lakes,Adirondack lakes,553.0,-999.0,,,,,Cascade lake
109043,"Sutherland (1989), Havens (1992)",,predacious,3D  ,ibi,Perca flavescens,species,American yellow perch,,ectotherm vertebrate,swimming,,,-999,-999.0,-999,-999,5.0,-999,copepod nauplii,,copepod,nauplii,invertebrate,swimming,,,-999,-999.0,-999,-999,0.001812356,-999,USA,-74.81,43.79,lakes,Adirondack lakes,553.0,-999.0,,,,,Cascade lake
109044,"Sutherland (1989), Havens (1992)",,predacious,3D  ,ibi,Epishura lacustris,species,copepod,,invertebrate,swimming,,,-999,-999.0,-999,-999,0.000122,-999,Kelicottia longispina,species,rotifer,,invertebrate,swimming,,,-999,-999.0,-999,-999,2e-08,-999,USA,-74.81,43.79,lakes,Adirondack lakes,553.0,-999.0,,,,,Cascade lake
109045,"Sutherland (1989), Havens (1992)",,predacious,3D  ,ibi,fish fry,,,larvae,ectotherm vertebrate,swimming,,,-999,-999.0,-999,-999,0.016,-999,Bosmina longirostris,species,water flea,,invertebrate,swimming,,,-999,-999.0,-999,-999,1.55e-06,-999,USA,-74.81,43.79,lakes,Adirondack lakes,553.0,-999.0,,,,,Cascade lake
109046,"Sutherland (1989), Havens (1992)",,predacious,3D  ,ibi,Epishura lacustris,species,copepod,,invertebrate,swimming,,,-999,-999.0,-999,-999,0.000122,-999,Keratella taurocephala,species,rotifer,,invertebrate,swimming,,,-999,-999.0,-999,-999,1e-08,-999,USA,-74.81,43.79,lakes,Adirondack lakes,553.0,-999.0,,,,,Cascade lake
109047,"Sutherland (1989), Havens (1992)",,predacious,3D  ,ibi,Salvelinus fontinalis,species,brook trout,,ectotherm vertebrate,swimming,,,-999,-999.0,-999,-999,333.0,-999,fish fry,,,larvae,ectotherm vertebrate,swimming,,,-999,-999.0,-999,-999,0.016,-999,USA,-74.81,43.79,lakes,Adirondack lakes,553.0,-999.0,,,,,Cascade lake
109048,"Sutherland (1989), Havens (1992)",,predacious,3D  ,ibi,Perca flavescens,species,American yellow perch,,ectotherm vertebrate,swimming,,,-999,-999.0,-999,-999,5.0,-999,Epishura lacustris,species,copepod,,invertebrate,swimming,,,-999,-999.0,-999,-999,0.000122,-999,USA,-74.81,43.79,lakes,Adirondack lakes,553.0,-999.0,,,,,Cascade lake
109049,"Sutherland (1989), Havens (1992)",,predacious,3D  ,ibi,Perca flavescens,species,American yellow perch,,ectotherm vertebrate,swimming,,,-999,-999.0,-999,-999,5.0,-999,Holopedium gibberum,species,cladocera,,invertebrate,swimming,,,-999,-999.0,-999,-999,6.82e-05,-999,USA,-74.81,43.79,lakes,Adirondack lakes,553.0,-999.0,,,,,Cascade lake
109050,"Sutherland (1989), Havens (1992)",,predacious,3D  ,ibi,Perca flavescens,species,American yellow perch,,ectotherm vertebrate,swimming,,,-999,-999.0,-999,-999,5.0,-999,Diaphanosoma birgei,species,cladocera,,invertebrate,swimming,,,-999,-999.0,-999,-999,4.01e-05,-999,USA,-74.81,43.79,lakes,Adirondack lakes,553.0,-999.0,,,,,Cascade lake
109051,"Sutherland (1989), Havens (1992)",,predacious,3D  ,ibi,Perca flavescens,species,American yellow perch,,ectotherm vertebrate,swimming,,,-999,-999.0,-999,-999,5.0,-999,Conochiloides hippocrepis,species,rotifer,,invertebrate,swimming,,,-999,-999.0,-999,-999,1.73e-05,-999,USA,-74.81,43.79,lakes,Adirondack lakes,553.0,-999.0,,,,,Cascade lake
109052,"Sutherland (1989), Havens (1992)",,predacious,3D  ,ibi,Perca flavescens,species,American yellow perch,,ectotherm vertebrate,swimming,,,-999,-999.0,-999,-999,5.0,-999,Diaptomus minutus,species,copepod,,invertebrate,swimming,,,-999,-999.0,-999,-999,1.44e-05,-999,USA,-74.81,43.79,lakes,Adirondack lakes,553.0,-999.0,,,,,Cascade lake
109053,"Sutherland (1989), Havens (1992)",,predacious,3D  ,ibi,Perca flavescens,species,American yellow perch,,ectotherm vertebrate,swimming,,,-999,-999.0,-999,-999,5.0,-999,Daphnia catawba,species,daphnia,,invertebrate,swimming,,,-999,-999.0,-999,-999,1e-05,-999,USA,-74.81,43.79,lakes,Adirondack lakes,553.0,-999.0,,,,,Cascade lake
109054,"Sutherland (1989), Havens (1992)",,predacious,3D  ,ibi,Perca flavescens,species,American yellow perch,,ectotherm vertebrate,swimming,,,-999,-999.0,-999,-999,5.0,-999,Mesocyclops edax,species,copepod,,invertebrate,swimming,,,-999,-999.0,-999,-999,1e-05,-999,USA,-74.81,43.79,lakes,Adirondack lakes,553.0,-999.0,,,,,Cascade lake
109055,"Sutherland (1989), Havens (1992)",,predacious,3D  ,ibi,Perca flavescens,species,American yellow perch,,ectotherm vertebrate,swimming,,,-999,-999.0,-999,-999,5.0,-999,Tropocyclops prasinus,species,copepod,,invertebrate,swimming,,,-999,-999.0,-999,-999,6.85e-06,-999,USA,-74.81,43.79,lakes,Adirondack lakes,553.0,-999.0,,,,,Cascade lake
109056,"Sutherland (1989), Havens (1992)",,predacious,3D  ,ibi,fish fry,,,larvae,ectotherm vertebrate,swimming,,,-999,-999.0,-999,-999,0.016,-999,Kelicottia longispina,species,rotifer,,invertebrate,swimming,,,-999,-999.0,-999,-999,2e-08,-999,USA,-74.81,43.79,lakes,Adirondack lakes,553.0,-999.0,,,,,Cascade lake
109057,"Sutherland (1989), Havens (1992)",,predacious,3D  ,ibi,fish fry,,,larvae,ectotherm vertebrate,swimming,,,-999,-999.0,-999,-999,0.016,-999,Keratella taurocephala,species,rotifer,,invertebrate,swimming,,,-999,-999.0,-999,-999,1e-08,-999,USA,-74.81,43.79,lakes,Adirondack lakes,553.0,-999.0,,,,,Cascade lake
109058,"Sutherland (1989), Havens (1992)",,predacious,3D  ,ibi,Perca flavescens,species,American yellow perch,,ectotherm vertebrate,swimming,,,-999,-999.0,-999,-999,5.0,-999,Bosmina longirostris,species,water flea,,invertebrate,swimming,,,-999,-999.0,-999,-999,1.55e-06,-999,USA,-74.81,43.79,lakes,Adirondack lakes,553.0,-999.0,,,,,Cascade lake
109059,"Sutherland (1989), Havens (1992)",,predacious,3D  ,ibi,Perca flavescens,species,American yellow perch,,ectotherm vertebrate,swimming,,,-999,-999.0,-999,-999,5.0,-999,Kelicottia longispina,species,rotifer,,invertebrate,swimming,,,-999,-999.0,-999,-999,2e-08,-999,USA,-74.81,43.79,lakes,Adirondack lakes,553.0,-999.0,,,,,Cascade lake
109060,"Sutherland (1989), Havens (1992)",,predacious,3D  ,ibi,Perca flavescens,species,American yellow perch,,ectotherm vertebrate,swimming,,,-999,-999.0,-999,-999,5.0,-999,Keratella taurocephala,species,rotifer,,invertebrate,swimming,,,-999,-999.0,-999,-999,1e-08,-999,USA,-74.81,43.79,lakes,Adirondack lakes,553.0,-999.0,,,,,Cascade lake
109061,"Sutherland (1989), Havens (1992)",,herbivorous,3D  ,nibi,Tropocyclops prasinus,species,copepod,,invertebrate,swimming,,,-999,-999.0,-999,-999,6.85e-06,-999,Peridinium inconspicuum,species,dinoflagellate,,primary producer,swimming,,,-999,-999.0,-999,-999,5.6e-08,-999,USA,-74.81,43.79,lakes,Adirondack lakes,553.0,-999.0,,,,,Cascade lake
109062,"Sutherland (1989), Havens (1992)",,herbivorous,3D  ,nibi,Mesocyclops edax,species,copepod,,invertebrate,swimming,,,-999,-999.0,-999,-999,1e-05,-999,Peridinium inconspicuum,species,dinoflagellate,,primary producer,swimming,,,-999,-999.0,-999,-999,5.6e-08,-999,USA,-74.81,43.79,lakes,Adirondack lakes,553.0,-999.0,,,,,Cascade lake
109063,"Sutherland (1989), Havens (1992)",,herbivorous,3D  ,nibi,Epishura lacustris,species,copepod,,invertebrate,swimming,,,-999,-999.0,-999,-999,0.000122,-999,Peridinium inconspicuum,species,dinoflagellate,,primary producer,swimming,,,-999,-999.0,-999,-999,5.6e-08,-999,USA,-74.81,43.79,lakes,Adirondack lakes,553.0,-999.0,,,,,Cascade lake
109064,"Sutherland (1989), Havens (1992)",,herbivorous,3D  ,nibi,fish fry,,,larvae,ectotherm vertebrate,swimming,,,-999,-999.0,-999,-999,0.016,-999,Peridinium inconspicuum,species,dinoflagellate,,primary producer,swimming,,,-999,-999.0,-999,-999,5.6e-08,-999,USA,-74.81,43.79,lakes,Adirondack lakes,553.0,-999.0,,,,,Cascade lake
