autoID,link.citation,link.methodology,interactionType,interaction.dimensionality,interaction.classification,conTaxonomy,con.taxonomy.level,con.common,con.lifestage,con.metabolic.type,con.movement.type,con.size.citation,con.size.method,con.length.min.cm.,con.length.mean.cm.,con.length.max.cm.,con.mass.min.g.,conMassMean,con.mass.max.g.,resTaxonomy,res.taxonomy.level,res.common,res.lifestage,res.metabolic.type,res.movement.type,res.size.citation,res.size.method,res.length.min.cm.,res.length.mean.cm.,res.length.max.cm.,res.mass.min.g.,resMassMean,res.mass.max.g.,geographic.location,longitude,latitude,ecosystem.type,study.site,altitude,depth,sampling.time,sampling.start.year,sampling.end.year,notes,foodwebName,bodyMassRatio
209810,Mendonca et al. (2018),,predacious,3D  ,ibi,Insecta,class,,,invertebrate,swimming,,,-999,-999.0,-999,-999,0.01,-999,Insecta,class,,,invertebrate,swimming,,,-999,-999.0,-999,-999,0.01,-999,Portugal,-9.340603,39.286564,marine,Intertidal rocky pools,-999.0,-999.0,,,,,L1P2,1.0
209811,Mendonca et al. (2018),,predacious,3D  ,ibi,Anemonia sulcata,species,Mediterranean snakelocks anemone,,invertebrate,sessile,,,-999,-999.0,-999,-999,0.4,-999,Insecta,class,,,invertebrate,swimming,,,-999,-999.0,-999,-999,0.01,-999,Portugal,-9.340603,39.286564,marine,Intertidal rocky pools,-999.0,-999.0,,,,,L1P2,40.0
209812,Mendonca et al. (2018),,predacious,3D  ,ibi,Polychaeta,class,,,invertebrate,walking,,,-999,-999.0,-999,-999,0.01,-999,Insecta,class,,,invertebrate,swimming,,,-999,-999.0,-999,-999,0.01,-999,Portugal,-9.340603,39.286564,marine,Intertidal rocky pools,-999.0,-999.0,,,,,L1P2,1.0
209813,Mendonca et al. (2018),,predacious,3D  ,ibi,Lipophrys pholis,species,Shanny,,ectotherm vertebrate,swimming,,,-999,-999.0,-999,-999,2.4,-999,Insecta,class,,,invertebrate,swimming,,,-999,-999.0,-999,-999,0.01,-999,Portugal,-9.340603,39.286564,marine,Intertidal rocky pools,-999.0,-999.0,,,,,L1P2,240.0
209814,Mendonca et al. (2018),,predacious,3D  ,ibi,Palaemon longirostris,species,,,invertebrate,swimming,,,-999,-999.0,-999,-999,0.26,-999,Insecta,class,,,invertebrate,swimming,,,-999,-999.0,-999,-999,0.01,-999,Portugal,-9.340603,39.286564,marine,Intertidal rocky pools,-999.0,-999.0,,,,,L1P2,26.0
209815,Mendonca et al. (2018),,predacious,3D  ,ibi,Palaemon elegans,species,rock shrimp,,invertebrate,swimming,,,-999,-999.0,-999,-999,0.12,-999,Insecta,class,,,invertebrate,swimming,,,-999,-999.0,-999,-999,0.01,-999,Portugal,-9.340603,39.286564,marine,Intertidal rocky pools,-999.0,-999.0,,,,,L1P2,12.0
209816,Mendonca et al. (2018),,predacious,3D  ,ibi,Gobius paganellus,species,Rock goby,,ectotherm vertebrate,swimming,,,-999,-999.0,-999,-999,0.3,-999,Insecta,class,,,invertebrate,swimming,,,-999,-999.0,-999,-999,0.01,-999,Portugal,-9.340603,39.286564,marine,Intertidal rocky pools,-999.0,-999.0,,,,,L1P2,30.0
209817,Mendonca et al. (2018),,herbivorous,,ibi,Tricolia pullus,species,,,invertebrate,walking,,,-999,-999.0,-999,-999,0.012,-999,PhytoP,,PhytoPlamcton,,primary producer,other,,,-999,-999.0,-999,-999,0.0001,-999,Portugal,-9.340603,39.286564,marine,Intertidal rocky pools,-999.0,-999.0,,,,,L1P2,120.0
209818,Mendonca et al. (2018),,herbivorous,3D  ,ibi,Gammaridae,family,,,invertebrate,swimming,,,-999,-999.0,-999,-999,0.001,-999,PhytoP,,PhytoPlamcton,,primary producer,other,,,-999,-999.0,-999,-999,0.0001,-999,Portugal,-9.340603,39.286564,marine,Intertidal rocky pools,-999.0,-999.0,,,,,L1P2,10.0
209819,Mendonca et al. (2018),,herbivorous,,ibi,Musculus costulatus,species,,,invertebrate,sessile,,,-999,-999.0,-999,-999,0.008,-999,PhytoP,,PhytoPlamcton,,primary producer,other,,,-999,-999.0,-999,-999,0.0001,-999,Portugal,-9.340603,39.286564,marine,Intertidal rocky pools,-999.0,-999.0,,,,,L1P2,80.0
209820,Mendonca et al. (2018),,herbivorous,,ibi,Mytilus galloprovincialis,species,,,invertebrate,other,,,-999,-999.0,-999,-999,0.011,-999,PhytoP,,PhytoPlamcton,,primary producer,other,,,-999,-999.0,-999,-999,0.0001,-999,Portugal,-9.340603,39.286564,marine,Intertidal rocky pools,-999.0,-999.0,,,,,L1P2,110.0
209821,Mendonca et al. (2018),,herbivorous,,ibi,Zooplankton,,Zooplankton,,invertebrate,swimming,,,-999,-999.0,-999,-999,0.001,-999,PhytoP,,PhytoPlamcton,,primary producer,other,,,-999,-999.0,-999,-999,0.0001,-999,Portugal,-9.340603,39.286564,marine,Intertidal rocky pools,-999.0,-999.0,,,,,L1P2,10.0
209822,Mendonca et al. (2018),,herbivorous,,ibi,Cardiidae,family,cockle,,invertebrate,sessile,,,-999,-999.0,-999,-999,0.007,-999,PhytoP,,PhytoPlamcton,,primary producer,other,,,-999,-999.0,-999,-999,0.0001,-999,Portugal,-9.340603,39.286564,marine,Intertidal rocky pools,-999.0,-999.0,,,,,L1P2,70.0
209823,Mendonca et al. (2018),,herbivorous,,ibi,Solecurtus strigilatus,species,,,invertebrate,sessile,,,-999,-999.0,-999,-999,0.01,-999,PhytoP,,PhytoPlamcton,,primary producer,other,,,-999,-999.0,-999,-999,0.0001,-999,Portugal,-9.340603,39.286564,marine,Intertidal rocky pools,-999.0,-999.0,,,,,L1P2,100.0
209824,Mendonca et al. (2018),,predacious,3D  ,ibi,Insecta,class,,,invertebrate,swimming,,,-999,-999.0,-999,-999,0.01,-999,Zooplankton,,Zooplankton,,invertebrate,swimming,,,-999,-999.0,-999,-999,0.001,-999,Portugal,-9.340603,39.286564,marine,Intertidal rocky pools,-999.0,-999.0,,,,,L1P2,10.0
209825,Mendonca et al. (2018),,predacious,3D  ,ibi,Zooplankton,,Zooplankton,,invertebrate,swimming,,,-999,-999.0,-999,-999,0.001,-999,Zooplankton,,Zooplankton,,invertebrate,swimming,,,-999,-999.0,-999,-999,0.001,-999,Portugal,-9.340603,39.286564,marine,Intertidal rocky pools,-999.0,-999.0,,,,,L1P2,1.0
209826,Mendonca et al. (2018),,predacious,3D  ,ibi,Anemonia sulcata,species,Mediterranean snakelocks anemone,,invertebrate,sessile,,,-999,-999.0,-999,-999,0.4,-999,Zooplankton,,Zooplankton,,invertebrate,swimming,,,-999,-999.0,-999,-999,0.001,-999,Portugal,-9.340603,39.286564,marine,Intertidal rocky pools,-999.0,-999.0,,,,,L1P2,400.0
209827,Mendonca et al. (2018),,predacious,3D  ,ibi,Gammaridae,family,,,invertebrate,swimming,,,-999,-999.0,-999,-999,0.001,-999,Zooplankton,,Zooplankton,,invertebrate,swimming,,,-999,-999.0,-999,-999,0.001,-999,Portugal,-9.340603,39.286564,marine,Intertidal rocky pools,-999.0,-999.0,,,,,L1P2,1.0
209828,Mendonca et al. (2018),,predacious,3D  ,ibi,Palaemon longirostris,species,,,invertebrate,swimming,,,-999,-999.0,-999,-999,0.26,-999,Zooplankton,,Zooplankton,,invertebrate,swimming,,,-999,-999.0,-999,-999,0.001,-999,Portugal,-9.340603,39.286564,marine,Intertidal rocky pools,-999.0,-999.0,,,,,L1P2,260.0
209829,Mendonca et al. (2018),,predacious,3D  ,ibi,Ophiuroidea,class,Brittle stars,,invertebrate,walking,,,-999,-999.0,-999,-999,0.06,-999,Zooplankton,,Zooplankton,,invertebrate,swimming,,,-999,-999.0,-999,-999,0.001,-999,Portugal,-9.340603,39.286564,marine,Intertidal rocky pools,-999.0,-999.0,,,,,L1P2,60.0
209830,Mendonca et al. (2018),,predacious,2D,ibi,Nematoda,,,,invertebrate,walking,,,-999,-999.0,-999,-999,0.01,-999,Zooplankton,,Zooplankton,,invertebrate,swimming,,,-999,-999.0,-999,-999,0.001,-999,Portugal,-9.340603,39.286564,marine,Intertidal rocky pools,-999.0,-999.0,,,,,L1P2,10.0
209831,Mendonca et al. (2018),,predacious,3D  ,ibi,Polychaeta,class,,,invertebrate,walking,,,-999,-999.0,-999,-999,0.01,-999,Zooplankton,,Zooplankton,,invertebrate,swimming,,,-999,-999.0,-999,-999,0.001,-999,Portugal,-9.340603,39.286564,marine,Intertidal rocky pools,-999.0,-999.0,,,,,L1P2,10.0
209832,Mendonca et al. (2018),,predacious,3D  ,ibi,Oligochaeta,,,,invertebrate,walking,,,-999,-999.0,-999,-999,0.01,-999,Zooplankton,,Zooplankton,,invertebrate,swimming,,,-999,-999.0,-999,-999,0.001,-999,Portugal,-9.340603,39.286564,marine,Intertidal rocky pools,-999.0,-999.0,,,,,L1P2,10.0
209833,Mendonca et al. (2018),,predacious,3D  ,nibi,Musculus costulatus,species,,,invertebrate,sessile,,,-999,-999.0,-999,-999,0.008,-999,Zooplankton,,Zooplankton,,invertebrate,swimming,,,-999,-999.0,-999,-999,0.001,-999,Portugal,-9.340603,39.286564,marine,Intertidal rocky pools,-999.0,-999.0,,,,,L1P2,8.0
209834,Mendonca et al. (2018),,predacious,3D  ,ibi,Mytilus galloprovincialis,species,,,invertebrate,sessile,,,-999,-999.0,-999,-999,0.011,-999,Zooplankton,,Zooplankton,,invertebrate,swimming,,,-999,-999.0,-999,-999,0.001,-999,Portugal,-9.340603,39.286564,marine,Intertidal rocky pools,-999.0,-999.0,,,,,L1P2,11.0
209835,Mendonca et al. (2018),,predacious,3D  ,ibi,Gobius paganellus,species,Rock goby,,ectotherm vertebrate,swimming,,,-999,-999.0,-999,-999,0.3,-999,Zooplankton,,Zooplankton,,invertebrate,swimming,,,-999,-999.0,-999,-999,0.001,-999,Portugal,-9.340603,39.286564,marine,Intertidal rocky pools,-999.0,-999.0,,,,,L1P2,300.0
209836,Mendonca et al. (2018),,predacious,3D  ,nibi,Cardiidae,family,cockle,,invertebrate,sessile,,,-999,-999.0,-999,-999,0.007,-999,Zooplankton,,Zooplankton,,invertebrate,swimming,,,-999,-999.0,-999,-999,0.001,-999,Portugal,-9.340603,39.286564,marine,Intertidal rocky pools,-999.0,-999.0,,,,,L1P2,7.0
209837,Mendonca et al. (2018),,predacious,3D  ,nibi,Solecurtus strigilatus,species,,,invertebrate,sessile,,,-999,-999.0,-999,-999,0.01,-999,Zooplankton,,Zooplankton,,invertebrate,swimming,,,-999,-999.0,-999,-999,0.001,-999,Portugal,-9.340603,39.286564,marine,Intertidal rocky pools,-999.0,-999.0,,,,,L1P2,10.0
209838,Mendonca et al. (2018),,predacious,3D  ,nibi,Venerupis sp.,genus,,,invertebrate,sessile,,,-999,-999.0,-999,-999,0.06,-999,Zooplankton,,Zooplankton,,invertebrate,swimming,,,-999,-999.0,-999,-999,0.001,-999,Portugal,-9.340603,39.286564,marine,Intertidal rocky pools,-999.0,-999.0,,,,,L1P2,60.0
209839,Mendonca et al. (2018),,predacious,3D  ,ibi,Palaemon elegans,species,rock shrimp,,invertebrate,swimming,,,-999,-999.0,-999,-999,0.12,-999,Zooplankton,,Zooplankton,,invertebrate,swimming,,,-999,-999.0,-999,-999,0.001,-999,Portugal,-9.340603,39.286564,marine,Intertidal rocky pools,-999.0,-999.0,,,,,L1P2,120.0
209840,Mendonca et al. (2018),,predacious,3D  ,ibi,Tanaidacea,,,,invertebrate,walking,,,-999,-999.0,-999,-999,0.01,-999,Zooplankton,,Zooplankton,,invertebrate,swimming,,,-999,-999.0,-999,-999,0.001,-999,Portugal,-9.340603,39.286564,marine,Intertidal rocky pools,-999.0,-999.0,,,,,L1P2,10.0
209841,Mendonca et al. (2018),,herbivorous,2D,ibi,Sphaeromatidae,family,,,invertebrate,walking,,,-999,-999.0,-999,-999,0.02,-999,Ulva lactuca,species,Green Seaweed,,primary producer,sessile,,,-999,-999.0,-999,-999,0.000228,-999,Portugal,-9.340603,39.286564,marine,Intertidal rocky pools,-999.0,-999.0,,,,,L1P2,87.71929824561403
209842,Mendonca et al. (2018),,herbivorous,2D,ibi,Insecta,class,,,invertebrate,swimming,,,-999,-999.0,-999,-999,0.01,-999,Ulva lactuca,species,Green Seaweed,,primary producer,sessile,,,-999,-999.0,-999,-999,0.000228,-999,Portugal,-9.340603,39.286564,marine,Intertidal rocky pools,-999.0,-999.0,,,,,L1P2,43.859649122807014
209843,Mendonca et al. (2018),,herbivorous,2D,ibi,Tricolia pullus,species,,,invertebrate,walking,,,-999,-999.0,-999,-999,0.012,-999,Ulva lactuca,species,Green Seaweed,,primary producer,sessile,,,-999,-999.0,-999,-999,0.000228,-999,Portugal,-9.340603,39.286564,marine,Intertidal rocky pools,-999.0,-999.0,,,,,L1P2,52.63157894736842
209844,Mendonca et al. (2018),,herbivorous,2D,ibi,Palaemon longirostris,species,,,invertebrate,swimming,,,-999,-999.0,-999,-999,0.26,-999,Ulva lactuca,species,Green Seaweed,,primary producer,sessile,,,-999,-999.0,-999,-999,0.000228,-999,Portugal,-9.340603,39.286564,marine,Intertidal rocky pools,-999.0,-999.0,,,,,L1P2,1140.3508771929824
209845,Mendonca et al. (2018),,herbivorous,2D,ibi,Omalogyra atomus,species,,,invertebrate,walking,,,-999,-999.0,-999,-999,0.0008,-999,Ulva lactuca,species,Green Seaweed,,primary producer,sessile,,,-999,-999.0,-999,-999,0.000228,-999,Portugal,-9.340603,39.286564,marine,Intertidal rocky pools,-999.0,-999.0,,,,,L1P2,3.508771929824561
209846,Mendonca et al. (2018),,herbivorous,2D,ibi,Gammaridae,family,,,invertebrate,swimming,,,-999,-999.0,-999,-999,0.001,-999,Ulva lactuca,species,Green Seaweed,,primary producer,sessile,,,-999,-999.0,-999,-999,0.000228,-999,Portugal,-9.340603,39.286564,marine,Intertidal rocky pools,-999.0,-999.0,,,,,L1P2,4.385964912280701
209847,Mendonca et al. (2018),,herbivorous,2D,ibi,Stenothoidae,family,,,invertebrate,swimming,,,-999,-999.0,-999,-999,0.01,-999,Ulva lactuca,species,Green Seaweed,,primary producer,sessile,,,-999,-999.0,-999,-999,0.000228,-999,Portugal,-9.340603,39.286564,marine,Intertidal rocky pools,-999.0,-999.0,,,,,L1P2,43.859649122807014
209848,Mendonca et al. (2018),,herbivorous,2D,ibi,Barleeia sp.,genus,Rissoid Snails,,invertebrate,walking,,,-999,-999.0,-999,-999,0.005,-999,Ulva lactuca,species,Green Seaweed,,primary producer,sessile,,,-999,-999.0,-999,-999,0.000228,-999,Portugal,-9.340603,39.286564,marine,Intertidal rocky pools,-999.0,-999.0,,,,,L1P2,21.929824561403507
209849,Mendonca et al. (2018),,herbivorous,2D,ibi,Lipophrys pholis,species,Shanny,,ectotherm vertebrate,swimming,,,-999,-999.0,-999,-999,2.4,-999,Ulva lactuca,species,Green Seaweed,,primary producer,sessile,,,-999,-999.0,-999,-999,0.000228,-999,Portugal,-9.340603,39.286564,marine,Intertidal rocky pools,-999.0,-999.0,,,,,L1P2,10526.315789473683
209850,Mendonca et al. (2018),,herbivorous,2D,ibi,Ophiuroidea,class,Brittle stars,,invertebrate,walking,,,-999,-999.0,-999,-999,0.06,-999,Ulva lactuca,species,Green Seaweed,,primary producer,sessile,,,-999,-999.0,-999,-999,0.000228,-999,Portugal,-9.340603,39.286564,marine,Intertidal rocky pools,-999.0,-999.0,,,,,L1P2,263.1578947368421
209851,Mendonca et al. (2018),,herbivorous,2D,ibi,Acanthochitona crinita,species,Petit chiton,,invertebrate,walking,,,-999,-999.0,-999,-999,0.07,-999,Ulva lactuca,species,Green Seaweed,,primary producer,sessile,,,-999,-999.0,-999,-999,0.000228,-999,Portugal,-9.340603,39.286564,marine,Intertidal rocky pools,-999.0,-999.0,,,,,L1P2,307.01754385964915
209852,Mendonca et al. (2018),,herbivorous,2D,ibi,Calliopidae,family,Painted top shell,,invertebrate,swimming,,,-999,-999.0,-999,-999,0.0035,-999,Ulva lactuca,species,Green Seaweed,,primary producer,sessile,,,-999,-999.0,-999,-999,0.000228,-999,Portugal,-9.340603,39.286564,marine,Intertidal rocky pools,-999.0,-999.0,,,,,L1P2,15.350877192982455
209853,Mendonca et al. (2018),,herbivorous,2D,ibi,Palaemon elegans,species,rock shrimp,,invertebrate,swimming,,,-999,-999.0,-999,-999,0.12,-999,Ulva lactuca,species,Green Seaweed,,primary producer,sessile,,,-999,-999.0,-999,-999,0.000228,-999,Portugal,-9.340603,39.286564,marine,Intertidal rocky pools,-999.0,-999.0,,,,,L1P2,526.3157894736842
209854,Mendonca et al. (2018),,herbivorous,2D,ibi,Maja squinado,species,European Spider Crab,,invertebrate,walking,,,-999,-999.0,-999,-999,0.61,-999,Ulva lactuca,species,Green Seaweed,,primary producer,sessile,,,-999,-999.0,-999,-999,0.000228,-999,Portugal,-9.340603,39.286564,marine,Intertidal rocky pools,-999.0,-999.0,,,,,L1P2,2675.438596491228
209855,Mendonca et al. (2018),,herbivorous,2D,ibi,Gobius paganellus,species,Rock goby,,ectotherm vertebrate,swimming,,,-999,-999.0,-999,-999,0.3,-999,Ulva lactuca,species,Green Seaweed,,primary producer,sessile,,,-999,-999.0,-999,-999,0.000228,-999,Portugal,-9.340603,39.286564,marine,Intertidal rocky pools,-999.0,-999.0,,,,,L1P2,1315.7894736842104
209856,Mendonca et al. (2018),,herbivorous,2D,ibi,Patella ulyssiponensis,species,True limpets,,invertebrate,walking,,,-999,-999.0,-999,-999,0.0012,-999,Ulva lactuca,species,Green Seaweed,,primary producer,sessile,,,-999,-999.0,-999,-999,0.000228,-999,Portugal,-9.340603,39.286564,marine,Intertidal rocky pools,-999.0,-999.0,,,,,L1P2,5.263157894736842
209857,Mendonca et al. (2018),,herbivorous,2D,ibi,Gibbula umbilicalis,species,,,invertebrate,walking,,,-999,-999.0,-999,-999,0.09,-999,Ulva lactuca,species,Green Seaweed,,primary producer,sessile,,,-999,-999.0,-999,-999,0.000228,-999,Portugal,-9.340603,39.286564,marine,Intertidal rocky pools,-999.0,-999.0,,,,,L1P2,394.7368421052631
209858,Mendonca et al. (2018),,herbivorous,2D,ibi,Rissoidae,family,Minute Sea snails,,invertebrate,walking,,,-999,-999.0,-999,-999,0.003,-999,Ulva lactuca,species,Green Seaweed,,primary producer,sessile,,,-999,-999.0,-999,-999,0.000228,-999,Portugal,-9.340603,39.286564,marine,Intertidal rocky pools,-999.0,-999.0,,,,,L1P2,13.157894736842104
209859,Mendonca et al. (2018),,herbivorous,2D,ibi,Tanaidacea,,,,invertebrate,walking,,,-999,-999.0,-999,-999,0.01,-999,Ulva lactuca,species,Green Seaweed,,primary producer,sessile,,,-999,-999.0,-999,-999,0.000228,-999,Portugal,-9.340603,39.286564,marine,Intertidal rocky pools,-999.0,-999.0,,,,,L1P2,43.859649122807014
209860,Mendonca et al. (2018),,herbivorous,2D,ibi,Ampithoidae,family,,,invertebrate,swimming,,,-999,-999.0,-999,-999,0.01,-999,Ulva lactuca,species,Green Seaweed,,primary producer,sessile,,,-999,-999.0,-999,-999,0.000228,-999,Portugal,-9.340603,39.286564,marine,Intertidal rocky pools,-999.0,-999.0,,,,,L1P2,43.859649122807014
209861,Mendonca et al. (2018),,predacious,2D,ibi,Lipophrys pholis,species,Shanny,,ectotherm vertebrate,swimming,,,-999,-999.0,-999,-999,2.4,-999,Ophiuroidea,class,Brittle stars,,invertebrate,walking,,,-999,-999.0,-999,-999,0.06,-999,Portugal,-9.340603,39.286564,marine,Intertidal rocky pools,-999.0,-999.0,,,,,L1P2,40.0
209862,Mendonca et al. (2018),,predacious,2D,ibi,Palaemon longirostris,species,,,invertebrate,swimming,,,-999,-999.0,-999,-999,0.26,-999,Ophiuroidea,class,Brittle stars,,invertebrate,walking,,,-999,-999.0,-999,-999,0.06,-999,Portugal,-9.340603,39.286564,marine,Intertidal rocky pools,-999.0,-999.0,,,,,L1P2,4.333333333333334
209863,Mendonca et al. (2018),,predacious,2D,ibi,Palaemon elegans,species,rock shrimp,,invertebrate,swimming,,,-999,-999.0,-999,-999,0.12,-999,Ophiuroidea,class,Brittle stars,,invertebrate,walking,,,-999,-999.0,-999,-999,0.06,-999,Portugal,-9.340603,39.286564,marine,Intertidal rocky pools,-999.0,-999.0,,,,,L1P2,2.0
209864,Mendonca et al. (2018),,predacious,2D,ibi,Maja squinado,species,European Spider Crab,,invertebrate,walking,,,-999,-999.0,-999,-999,0.61,-999,Ophiuroidea,class,Brittle stars,,invertebrate,walking,,,-999,-999.0,-999,-999,0.06,-999,Portugal,-9.340603,39.286564,marine,Intertidal rocky pools,-999.0,-999.0,,,,,L1P2,10.166666666666666
209865,Mendonca et al. (2018),,predacious,2D,ibi,Gobius paganellus,species,Rock goby,,ectotherm vertebrate,swimming,,,-999,-999.0,-999,-999,0.3,-999,Ophiuroidea,class,Brittle stars,,invertebrate,walking,,,-999,-999.0,-999,-999,0.06,-999,Portugal,-9.340603,39.286564,marine,Intertidal rocky pools,-999.0,-999.0,,,,,L1P2,5.0
209866,Mendonca et al. (2018),,herbivorous,2D,ibi,Sphaeromatidae,family,,,invertebrate,walking,,,-999,-999.0,-999,-999,0.02,-999,Colpomenia peregrina,species,,,primary producer,sessile,,,-999,-999.0,-999,-999,0.000228,-999,Portugal,-9.340603,39.286564,marine,Intertidal rocky pools,-999.0,-999.0,,,,,L1P2,87.71929824561403
209867,Mendonca et al. (2018),,herbivorous,2D,ibi,Insecta,class,,,invertebrate,swimming,,,-999,-999.0,-999,-999,0.01,-999,Colpomenia peregrina,species,,,primary producer,sessile,,,-999,-999.0,-999,-999,0.000228,-999,Portugal,-9.340603,39.286564,marine,Intertidal rocky pools,-999.0,-999.0,,,,,L1P2,43.859649122807014
209868,Mendonca et al. (2018),,herbivorous,2D,ibi,Tricolia pullus,species,,,invertebrate,walking,,,-999,-999.0,-999,-999,0.012,-999,Colpomenia peregrina,species,,,primary producer,sessile,,,-999,-999.0,-999,-999,0.000228,-999,Portugal,-9.340603,39.286564,marine,Intertidal rocky pools,-999.0,-999.0,,,,,L1P2,52.63157894736842
209869,Mendonca et al. (2018),,herbivorous,2D,ibi,Palaemon longirostris,species,,,invertebrate,swimming,,,-999,-999.0,-999,-999,0.26,-999,Colpomenia peregrina,species,,,primary producer,sessile,,,-999,-999.0,-999,-999,0.000228,-999,Portugal,-9.340603,39.286564,marine,Intertidal rocky pools,-999.0,-999.0,,,,,L1P2,1140.3508771929824
209870,Mendonca et al. (2018),,herbivorous,2D,ibi,Omalogyra atomus,species,,,invertebrate,walking,,,-999,-999.0,-999,-999,0.0008,-999,Colpomenia peregrina,species,,,primary producer,sessile,,,-999,-999.0,-999,-999,0.000228,-999,Portugal,-9.340603,39.286564,marine,Intertidal rocky pools,-999.0,-999.0,,,,,L1P2,3.508771929824561
209871,Mendonca et al. (2018),,herbivorous,2D,ibi,Gammaridae,family,,,invertebrate,swimming,,,-999,-999.0,-999,-999,0.001,-999,Colpomenia peregrina,species,,,primary producer,sessile,,,-999,-999.0,-999,-999,0.000228,-999,Portugal,-9.340603,39.286564,marine,Intertidal rocky pools,-999.0,-999.0,,,,,L1P2,4.385964912280701
209872,Mendonca et al. (2018),,herbivorous,2D,ibi,Stenothoidae,family,,,invertebrate,swimming,,,-999,-999.0,-999,-999,0.01,-999,Colpomenia peregrina,species,,,primary producer,sessile,,,-999,-999.0,-999,-999,0.000228,-999,Portugal,-9.340603,39.286564,marine,Intertidal rocky pools,-999.0,-999.0,,,,,L1P2,43.859649122807014
209873,Mendonca et al. (2018),,herbivorous,2D,ibi,Barleeia sp.,genus,Rissoid Snails,,invertebrate,walking,,,-999,-999.0,-999,-999,0.005,-999,Colpomenia peregrina,species,,,primary producer,sessile,,,-999,-999.0,-999,-999,0.000228,-999,Portugal,-9.340603,39.286564,marine,Intertidal rocky pools,-999.0,-999.0,,,,,L1P2,21.929824561403507
209874,Mendonca et al. (2018),,herbivorous,2D,ibi,Lipophrys pholis,species,Shanny,,ectotherm vertebrate,swimming,,,-999,-999.0,-999,-999,2.4,-999,Colpomenia peregrina,species,,,primary producer,sessile,,,-999,-999.0,-999,-999,0.000228,-999,Portugal,-9.340603,39.286564,marine,Intertidal rocky pools,-999.0,-999.0,,,,,L1P2,10526.315789473683
209875,Mendonca et al. (2018),,herbivorous,2D,ibi,Ophiuroidea,class,Brittle stars,,invertebrate,walking,,,-999,-999.0,-999,-999,0.06,-999,Colpomenia peregrina,species,,,primary producer,sessile,,,-999,-999.0,-999,-999,0.000228,-999,Portugal,-9.340603,39.286564,marine,Intertidal rocky pools,-999.0,-999.0,,,,,L1P2,263.1578947368421
209876,Mendonca et al. (2018),,herbivorous,2D,ibi,Acanthochitona crinita,species,Petit chiton,,invertebrate,walking,,,-999,-999.0,-999,-999,0.07,-999,Colpomenia peregrina,species,,,primary producer,sessile,,,-999,-999.0,-999,-999,0.000228,-999,Portugal,-9.340603,39.286564,marine,Intertidal rocky pools,-999.0,-999.0,,,,,L1P2,307.01754385964915
209877,Mendonca et al. (2018),,herbivorous,2D,ibi,Calliopidae,family,Painted top shell,,invertebrate,swimming,,,-999,-999.0,-999,-999,0.0035,-999,Colpomenia peregrina,species,,,primary producer,sessile,,,-999,-999.0,-999,-999,0.000228,-999,Portugal,-9.340603,39.286564,marine,Intertidal rocky pools,-999.0,-999.0,,,,,L1P2,15.350877192982455
209878,Mendonca et al. (2018),,herbivorous,2D,ibi,Palaemon elegans,species,rock shrimp,,invertebrate,swimming,,,-999,-999.0,-999,-999,0.12,-999,Colpomenia peregrina,species,,,primary producer,sessile,,,-999,-999.0,-999,-999,0.000228,-999,Portugal,-9.340603,39.286564,marine,Intertidal rocky pools,-999.0,-999.0,,,,,L1P2,526.3157894736842
209879,Mendonca et al. (2018),,herbivorous,2D,ibi,Maja squinado,species,European Spider Crab,,invertebrate,walking,,,-999,-999.0,-999,-999,0.61,-999,Colpomenia peregrina,species,,,primary producer,sessile,,,-999,-999.0,-999,-999,0.000228,-999,Portugal,-9.340603,39.286564,marine,Intertidal rocky pools,-999.0,-999.0,,,,,L1P2,2675.438596491228
209880,Mendonca et al. (2018),,herbivorous,2D,ibi,Gobius paganellus,species,Rock goby,,ectotherm vertebrate,swimming,,,-999,-999.0,-999,-999,0.3,-999,Colpomenia peregrina,species,,,primary producer,sessile,,,-999,-999.0,-999,-999,0.000228,-999,Portugal,-9.340603,39.286564,marine,Intertidal rocky pools,-999.0,-999.0,,,,,L1P2,1315.7894736842104
209881,Mendonca et al. (2018),,herbivorous,2D,ibi,Patella ulyssiponensis,species,True limpets,,invertebrate,walking,,,-999,-999.0,-999,-999,0.0012,-999,Colpomenia peregrina,species,,,primary producer,sessile,,,-999,-999.0,-999,-999,0.000228,-999,Portugal,-9.340603,39.286564,marine,Intertidal rocky pools,-999.0,-999.0,,,,,L1P2,5.263157894736842
209882,Mendonca et al. (2018),,herbivorous,2D,ibi,Gibbula umbilicalis,species,,,invertebrate,walking,,,-999,-999.0,-999,-999,0.09,-999,Colpomenia peregrina,species,,,primary producer,sessile,,,-999,-999.0,-999,-999,0.000228,-999,Portugal,-9.340603,39.286564,marine,Intertidal rocky pools,-999.0,-999.0,,,,,L1P2,394.7368421052631
209883,Mendonca et al. (2018),,herbivorous,2D,ibi,Rissoidae,family,Minute Sea snails,,invertebrate,walking,,,-999,-999.0,-999,-999,0.003,-999,Colpomenia peregrina,species,,,primary producer,sessile,,,-999,-999.0,-999,-999,0.000228,-999,Portugal,-9.340603,39.286564,marine,Intertidal rocky pools,-999.0,-999.0,,,,,L1P2,13.157894736842104
209884,Mendonca et al. (2018),,herbivorous,2D,ibi,Tanaidacea,,,,invertebrate,walking,,,-999,-999.0,-999,-999,0.01,-999,Colpomenia peregrina,species,,,primary producer,sessile,,,-999,-999.0,-999,-999,0.000228,-999,Portugal,-9.340603,39.286564,marine,Intertidal rocky pools,-999.0,-999.0,,,,,L1P2,43.859649122807014
209885,Mendonca et al. (2018),,herbivorous,2D,ibi,Ampithoidae,family,,,invertebrate,swimming,,,-999,-999.0,-999,-999,0.01,-999,Colpomenia peregrina,species,,,primary producer,sessile,,,-999,-999.0,-999,-999,0.000228,-999,Portugal,-9.340603,39.286564,marine,Intertidal rocky pools,-999.0,-999.0,,,,,L1P2,43.859649122807014
209886,Mendonca et al. (2018),,herbivorous,2D,ibi,Sphaeromatidae,family,,,invertebrate,walking,,,-999,-999.0,-999,-999,0.02,-999,Bifurcaria bifurcata,species,Stackhouse,,primary producer,sessile,,,-999,-999.0,-999,-999,0.000228,-999,Portugal,-9.340603,39.286564,marine,Intertidal rocky pools,-999.0,-999.0,,,,,L1P2,87.71929824561403
209887,Mendonca et al. (2018),,herbivorous,2D,ibi,Insecta,class,,,invertebrate,swimming,,,-999,-999.0,-999,-999,0.01,-999,Bifurcaria bifurcata,species,Stackhouse,,primary producer,sessile,,,-999,-999.0,-999,-999,0.000228,-999,Portugal,-9.340603,39.286564,marine,Intertidal rocky pools,-999.0,-999.0,,,,,L1P2,43.859649122807014
209888,Mendonca et al. (2018),,herbivorous,2D,ibi,Tricolia pullus,species,,,invertebrate,walking,,,-999,-999.0,-999,-999,0.012,-999,Bifurcaria bifurcata,species,Stackhouse,,primary producer,sessile,,,-999,-999.0,-999,-999,0.000228,-999,Portugal,-9.340603,39.286564,marine,Intertidal rocky pools,-999.0,-999.0,,,,,L1P2,52.63157894736842
209889,Mendonca et al. (2018),,herbivorous,2D,ibi,Palaemon longirostris,species,,,invertebrate,swimming,,,-999,-999.0,-999,-999,0.26,-999,Bifurcaria bifurcata,species,Stackhouse,,primary producer,sessile,,,-999,-999.0,-999,-999,0.000228,-999,Portugal,-9.340603,39.286564,marine,Intertidal rocky pools,-999.0,-999.0,,,,,L1P2,1140.3508771929824
209890,Mendonca et al. (2018),,herbivorous,2D,ibi,Omalogyra atomus,species,,,invertebrate,walking,,,-999,-999.0,-999,-999,0.0008,-999,Bifurcaria bifurcata,species,Stackhouse,,primary producer,sessile,,,-999,-999.0,-999,-999,0.000228,-999,Portugal,-9.340603,39.286564,marine,Intertidal rocky pools,-999.0,-999.0,,,,,L1P2,3.508771929824561
209891,Mendonca et al. (2018),,herbivorous,2D,ibi,Gammaridae,family,,,invertebrate,swimming,,,-999,-999.0,-999,-999,0.001,-999,Bifurcaria bifurcata,species,Stackhouse,,primary producer,sessile,,,-999,-999.0,-999,-999,0.000228,-999,Portugal,-9.340603,39.286564,marine,Intertidal rocky pools,-999.0,-999.0,,,,,L1P2,4.385964912280701
209892,Mendonca et al. (2018),,herbivorous,2D,ibi,Stenothoidae,family,,,invertebrate,swimming,,,-999,-999.0,-999,-999,0.01,-999,Bifurcaria bifurcata,species,Stackhouse,,primary producer,sessile,,,-999,-999.0,-999,-999,0.000228,-999,Portugal,-9.340603,39.286564,marine,Intertidal rocky pools,-999.0,-999.0,,,,,L1P2,43.859649122807014
209893,Mendonca et al. (2018),,herbivorous,2D,ibi,Barleeia sp.,genus,Rissoid Snails,,invertebrate,walking,,,-999,-999.0,-999,-999,0.005,-999,Bifurcaria bifurcata,species,Stackhouse,,primary producer,sessile,,,-999,-999.0,-999,-999,0.000228,-999,Portugal,-9.340603,39.286564,marine,Intertidal rocky pools,-999.0,-999.0,,,,,L1P2,21.929824561403507
209894,Mendonca et al. (2018),,herbivorous,2D,ibi,Lipophrys pholis,species,Shanny,,ectotherm vertebrate,swimming,,,-999,-999.0,-999,-999,2.4,-999,Bifurcaria bifurcata,species,Stackhouse,,primary producer,sessile,,,-999,-999.0,-999,-999,0.000228,-999,Portugal,-9.340603,39.286564,marine,Intertidal rocky pools,-999.0,-999.0,,,,,L1P2,10526.315789473683
209895,Mendonca et al. (2018),,herbivorous,2D,ibi,Ophiuroidea,class,Brittle stars,,invertebrate,walking,,,-999,-999.0,-999,-999,0.06,-999,Bifurcaria bifurcata,species,Stackhouse,,primary producer,sessile,,,-999,-999.0,-999,-999,0.000228,-999,Portugal,-9.340603,39.286564,marine,Intertidal rocky pools,-999.0,-999.0,,,,,L1P2,263.1578947368421
209896,Mendonca et al. (2018),,herbivorous,2D,ibi,Acanthochitona crinita,species,Petit chiton,,invertebrate,walking,,,-999,-999.0,-999,-999,0.07,-999,Bifurcaria bifurcata,species,Stackhouse,,primary producer,sessile,,,-999,-999.0,-999,-999,0.000228,-999,Portugal,-9.340603,39.286564,marine,Intertidal rocky pools,-999.0,-999.0,,,,,L1P2,307.01754385964915
209897,Mendonca et al. (2018),,herbivorous,2D,ibi,Calliopidae,family,Painted top shell,,invertebrate,swimming,,,-999,-999.0,-999,-999,0.0035,-999,Bifurcaria bifurcata,species,Stackhouse,,primary producer,sessile,,,-999,-999.0,-999,-999,0.000228,-999,Portugal,-9.340603,39.286564,marine,Intertidal rocky pools,-999.0,-999.0,,,,,L1P2,15.350877192982455
209898,Mendonca et al. (2018),,herbivorous,2D,ibi,Palaemon elegans,species,rock shrimp,,invertebrate,swimming,,,-999,-999.0,-999,-999,0.12,-999,Bifurcaria bifurcata,species,Stackhouse,,primary producer,sessile,,,-999,-999.0,-999,-999,0.000228,-999,Portugal,-9.340603,39.286564,marine,Intertidal rocky pools,-999.0,-999.0,,,,,L1P2,526.3157894736842
209899,Mendonca et al. (2018),,herbivorous,2D,ibi,Maja squinado,species,European Spider Crab,,invertebrate,walking,,,-999,-999.0,-999,-999,0.61,-999,Bifurcaria bifurcata,species,Stackhouse,,primary producer,sessile,,,-999,-999.0,-999,-999,0.000228,-999,Portugal,-9.340603,39.286564,marine,Intertidal rocky pools,-999.0,-999.0,,,,,L1P2,2675.438596491228
209900,Mendonca et al. (2018),,herbivorous,2D,ibi,Gobius paganellus,species,Rock goby,,ectotherm vertebrate,swimming,,,-999,-999.0,-999,-999,0.3,-999,Bifurcaria bifurcata,species,Stackhouse,,primary producer,sessile,,,-999,-999.0,-999,-999,0.000228,-999,Portugal,-9.340603,39.286564,marine,Intertidal rocky pools,-999.0,-999.0,,,,,L1P2,1315.7894736842104
209901,Mendonca et al. (2018),,herbivorous,2D,ibi,Patella ulyssiponensis,species,True limpets,,invertebrate,walking,,,-999,-999.0,-999,-999,0.0012,-999,Bifurcaria bifurcata,species,Stackhouse,,primary producer,sessile,,,-999,-999.0,-999,-999,0.000228,-999,Portugal,-9.340603,39.286564,marine,Intertidal rocky pools,-999.0,-999.0,,,,,L1P2,5.263157894736842
209902,Mendonca et al. (2018),,herbivorous,2D,ibi,Gibbula umbilicalis,species,,,invertebrate,walking,,,-999,-999.0,-999,-999,0.09,-999,Bifurcaria bifurcata,species,Stackhouse,,primary producer,sessile,,,-999,-999.0,-999,-999,0.000228,-999,Portugal,-9.340603,39.286564,marine,Intertidal rocky pools,-999.0,-999.0,,,,,L1P2,394.7368421052631
209903,Mendonca et al. (2018),,herbivorous,2D,ibi,Rissoidae,family,Minute Sea snails,,invertebrate,walking,,,-999,-999.0,-999,-999,0.003,-999,Bifurcaria bifurcata,species,Stackhouse,,primary producer,sessile,,,-999,-999.0,-999,-999,0.000228,-999,Portugal,-9.340603,39.286564,marine,Intertidal rocky pools,-999.0,-999.0,,,,,L1P2,13.157894736842104
209904,Mendonca et al. (2018),,herbivorous,2D,ibi,Tanaidacea,,,,invertebrate,walking,,,-999,-999.0,-999,-999,0.01,-999,Bifurcaria bifurcata,species,Stackhouse,,primary producer,sessile,,,-999,-999.0,-999,-999,0.000228,-999,Portugal,-9.340603,39.286564,marine,Intertidal rocky pools,-999.0,-999.0,,,,,L1P2,43.859649122807014
209905,Mendonca et al. (2018),,herbivorous,2D,ibi,Ampithoidae,family,,,invertebrate,swimming,,,-999,-999.0,-999,-999,0.01,-999,Bifurcaria bifurcata,species,Stackhouse,,primary producer,sessile,,,-999,-999.0,-999,-999,0.000228,-999,Portugal,-9.340603,39.286564,marine,Intertidal rocky pools,-999.0,-999.0,,,,,L1P2,43.859649122807014
209906,Mendonca et al. (2018),,herbivorous,2D,ibi,Sphaeromatidae,family,,,invertebrate,walking,,,-999,-999.0,-999,-999,0.02,-999,Sphacelaria cirrosa,species,Red Seaweed,,primary producer,sessile,,,-999,-999.0,-999,-999,0.000228,-999,Portugal,-9.340603,39.286564,marine,Intertidal rocky pools,-999.0,-999.0,,,,,L1P2,87.71929824561403
209907,Mendonca et al. (2018),,herbivorous,2D,ibi,Insecta,class,,,invertebrate,swimming,,,-999,-999.0,-999,-999,0.01,-999,Sphacelaria cirrosa,species,Red Seaweed,,primary producer,sessile,,,-999,-999.0,-999,-999,0.000228,-999,Portugal,-9.340603,39.286564,marine,Intertidal rocky pools,-999.0,-999.0,,,,,L1P2,43.859649122807014
209908,Mendonca et al. (2018),,herbivorous,2D,ibi,Tricolia pullus,species,,,invertebrate,walking,,,-999,-999.0,-999,-999,0.012,-999,Sphacelaria cirrosa,species,Red Seaweed,,primary producer,sessile,,,-999,-999.0,-999,-999,0.000228,-999,Portugal,-9.340603,39.286564,marine,Intertidal rocky pools,-999.0,-999.0,,,,,L1P2,52.63157894736842
209909,Mendonca et al. (2018),,herbivorous,2D,ibi,Palaemon longirostris,species,,,invertebrate,swimming,,,-999,-999.0,-999,-999,0.26,-999,Sphacelaria cirrosa,species,Red Seaweed,,primary producer,sessile,,,-999,-999.0,-999,-999,0.000228,-999,Portugal,-9.340603,39.286564,marine,Intertidal rocky pools,-999.0,-999.0,,,,,L1P2,1140.3508771929824
209910,Mendonca et al. (2018),,herbivorous,2D,ibi,Omalogyra atomus,species,,,invertebrate,walking,,,-999,-999.0,-999,-999,0.0008,-999,Sphacelaria cirrosa,species,Red Seaweed,,primary producer,sessile,,,-999,-999.0,-999,-999,0.000228,-999,Portugal,-9.340603,39.286564,marine,Intertidal rocky pools,-999.0,-999.0,,,,,L1P2,3.508771929824561
209911,Mendonca et al. (2018),,herbivorous,2D,ibi,Gammaridae,family,,,invertebrate,swimming,,,-999,-999.0,-999,-999,0.001,-999,Sphacelaria cirrosa,species,Red Seaweed,,primary producer,sessile,,,-999,-999.0,-999,-999,0.000228,-999,Portugal,-9.340603,39.286564,marine,Intertidal rocky pools,-999.0,-999.0,,,,,L1P2,4.385964912280701
209912,Mendonca et al. (2018),,herbivorous,2D,ibi,Stenothoidae,family,,,invertebrate,swimming,,,-999,-999.0,-999,-999,0.01,-999,Sphacelaria cirrosa,species,Red Seaweed,,primary producer,sessile,,,-999,-999.0,-999,-999,0.000228,-999,Portugal,-9.340603,39.286564,marine,Intertidal rocky pools,-999.0,-999.0,,,,,L1P2,43.859649122807014
209913,Mendonca et al. (2018),,herbivorous,2D,ibi,Barleeia sp.,genus,Rissoid Snails,,invertebrate,walking,,,-999,-999.0,-999,-999,0.005,-999,Sphacelaria cirrosa,species,Red Seaweed,,primary producer,sessile,,,-999,-999.0,-999,-999,0.000228,-999,Portugal,-9.340603,39.286564,marine,Intertidal rocky pools,-999.0,-999.0,,,,,L1P2,21.929824561403507
209914,Mendonca et al. (2018),,herbivorous,2D,ibi,Lipophrys pholis,species,Shanny,,ectotherm vertebrate,swimming,,,-999,-999.0,-999,-999,2.4,-999,Sphacelaria cirrosa,species,Red Seaweed,,primary producer,sessile,,,-999,-999.0,-999,-999,0.000228,-999,Portugal,-9.340603,39.286564,marine,Intertidal rocky pools,-999.0,-999.0,,,,,L1P2,10526.315789473683
209915,Mendonca et al. (2018),,herbivorous,2D,ibi,Ophiuroidea,class,Brittle stars,,invertebrate,walking,,,-999,-999.0,-999,-999,0.06,-999,Sphacelaria cirrosa,species,Red Seaweed,,primary producer,sessile,,,-999,-999.0,-999,-999,0.000228,-999,Portugal,-9.340603,39.286564,marine,Intertidal rocky pools,-999.0,-999.0,,,,,L1P2,263.1578947368421
209916,Mendonca et al. (2018),,herbivorous,2D,ibi,Acanthochitona crinita,species,Petit chiton,,invertebrate,walking,,,-999,-999.0,-999,-999,0.07,-999,Sphacelaria cirrosa,species,Red Seaweed,,primary producer,sessile,,,-999,-999.0,-999,-999,0.000228,-999,Portugal,-9.340603,39.286564,marine,Intertidal rocky pools,-999.0,-999.0,,,,,L1P2,307.01754385964915
209917,Mendonca et al. (2018),,herbivorous,2D,ibi,Calliopidae,family,Painted top shell,,invertebrate,swimming,,,-999,-999.0,-999,-999,0.0035,-999,Sphacelaria cirrosa,species,Red Seaweed,,primary producer,sessile,,,-999,-999.0,-999,-999,0.000228,-999,Portugal,-9.340603,39.286564,marine,Intertidal rocky pools,-999.0,-999.0,,,,,L1P2,15.350877192982455
209918,Mendonca et al. (2018),,herbivorous,2D,ibi,Palaemon elegans,species,rock shrimp,,invertebrate,swimming,,,-999,-999.0,-999,-999,0.12,-999,Sphacelaria cirrosa,species,Red Seaweed,,primary producer,sessile,,,-999,-999.0,-999,-999,0.000228,-999,Portugal,-9.340603,39.286564,marine,Intertidal rocky pools,-999.0,-999.0,,,,,L1P2,526.3157894736842
209919,Mendonca et al. (2018),,herbivorous,2D,ibi,Maja squinado,species,European Spider Crab,,invertebrate,walking,,,-999,-999.0,-999,-999,0.61,-999,Sphacelaria cirrosa,species,Red Seaweed,,primary producer,sessile,,,-999,-999.0,-999,-999,0.000228,-999,Portugal,-9.340603,39.286564,marine,Intertidal rocky pools,-999.0,-999.0,,,,,L1P2,2675.438596491228
209920,Mendonca et al. (2018),,herbivorous,2D,ibi,Gobius paganellus,species,Rock goby,,ectotherm vertebrate,swimming,,,-999,-999.0,-999,-999,0.3,-999,Sphacelaria cirrosa,species,Red Seaweed,,primary producer,sessile,,,-999,-999.0,-999,-999,0.000228,-999,Portugal,-9.340603,39.286564,marine,Intertidal rocky pools,-999.0,-999.0,,,,,L1P2,1315.7894736842104
209921,Mendonca et al. (2018),,herbivorous,2D,ibi,Patella ulyssiponensis,species,True limpets,,invertebrate,walking,,,-999,-999.0,-999,-999,0.0012,-999,Sphacelaria cirrosa,species,Red Seaweed,,primary producer,sessile,,,-999,-999.0,-999,-999,0.000228,-999,Portugal,-9.340603,39.286564,marine,Intertidal rocky pools,-999.0,-999.0,,,,,L1P2,5.263157894736842
209922,Mendonca et al. (2018),,herbivorous,2D,ibi,Gibbula umbilicalis,species,,,invertebrate,walking,,,-999,-999.0,-999,-999,0.09,-999,Sphacelaria cirrosa,species,Red Seaweed,,primary producer,sessile,,,-999,-999.0,-999,-999,0.000228,-999,Portugal,-9.340603,39.286564,marine,Intertidal rocky pools,-999.0,-999.0,,,,,L1P2,394.7368421052631
209923,Mendonca et al. (2018),,herbivorous,2D,ibi,Rissoidae,family,Minute Sea snails,,invertebrate,walking,,,-999,-999.0,-999,-999,0.003,-999,Sphacelaria cirrosa,species,Red Seaweed,,primary producer,sessile,,,-999,-999.0,-999,-999,0.000228,-999,Portugal,-9.340603,39.286564,marine,Intertidal rocky pools,-999.0,-999.0,,,,,L1P2,13.157894736842104
209924,Mendonca et al. (2018),,herbivorous,2D,ibi,Tanaidacea,,,,invertebrate,walking,,,-999,-999.0,-999,-999,0.01,-999,Sphacelaria cirrosa,species,Red Seaweed,,primary producer,sessile,,,-999,-999.0,-999,-999,0.000228,-999,Portugal,-9.340603,39.286564,marine,Intertidal rocky pools,-999.0,-999.0,,,,,L1P2,43.859649122807014
209925,Mendonca et al. (2018),,herbivorous,2D,ibi,Ampithoidae,family,,,invertebrate,swimming,,,-999,-999.0,-999,-999,0.01,-999,Sphacelaria cirrosa,species,Red Seaweed,,primary producer,sessile,,,-999,-999.0,-999,-999,0.000228,-999,Portugal,-9.340603,39.286564,marine,Intertidal rocky pools,-999.0,-999.0,,,,,L1P2,43.859649122807014
209926,Mendonca et al. (2018),,herbivorous,2D,ibi,Sphaeromatidae,family,,,invertebrate,walking,,,-999,-999.0,-999,-999,0.02,-999,Dictyota dichotoma,species,,,primary producer,sessile,,,-999,-999.0,-999,-999,0.000228,-999,Portugal,-9.340603,39.286564,marine,Intertidal rocky pools,-999.0,-999.0,,,,,L1P2,87.71929824561403
209927,Mendonca et al. (2018),,herbivorous,2D,ibi,Insecta,class,,,invertebrate,swimming,,,-999,-999.0,-999,-999,0.01,-999,Dictyota dichotoma,species,,,primary producer,sessile,,,-999,-999.0,-999,-999,0.000228,-999,Portugal,-9.340603,39.286564,marine,Intertidal rocky pools,-999.0,-999.0,,,,,L1P2,43.859649122807014
209928,Mendonca et al. (2018),,herbivorous,2D,ibi,Tricolia pullus,species,,,invertebrate,walking,,,-999,-999.0,-999,-999,0.012,-999,Dictyota dichotoma,species,,,primary producer,sessile,,,-999,-999.0,-999,-999,0.000228,-999,Portugal,-9.340603,39.286564,marine,Intertidal rocky pools,-999.0,-999.0,,,,,L1P2,52.63157894736842
209929,Mendonca et al. (2018),,herbivorous,2D,ibi,Palaemon longirostris,species,,,invertebrate,swimming,,,-999,-999.0,-999,-999,0.26,-999,Dictyota dichotoma,species,,,primary producer,sessile,,,-999,-999.0,-999,-999,0.000228,-999,Portugal,-9.340603,39.286564,marine,Intertidal rocky pools,-999.0,-999.0,,,,,L1P2,1140.3508771929824
209930,Mendonca et al. (2018),,herbivorous,2D,ibi,Omalogyra atomus,species,,,invertebrate,walking,,,-999,-999.0,-999,-999,0.0008,-999,Dictyota dichotoma,species,,,primary producer,sessile,,,-999,-999.0,-999,-999,0.000228,-999,Portugal,-9.340603,39.286564,marine,Intertidal rocky pools,-999.0,-999.0,,,,,L1P2,3.508771929824561
209931,Mendonca et al. (2018),,herbivorous,2D,ibi,Gammaridae,family,,,invertebrate,swimming,,,-999,-999.0,-999,-999,0.001,-999,Dictyota dichotoma,species,,,primary producer,sessile,,,-999,-999.0,-999,-999,0.000228,-999,Portugal,-9.340603,39.286564,marine,Intertidal rocky pools,-999.0,-999.0,,,,,L1P2,4.385964912280701
209932,Mendonca et al. (2018),,herbivorous,2D,ibi,Stenothoidae,family,,,invertebrate,swimming,,,-999,-999.0,-999,-999,0.01,-999,Dictyota dichotoma,species,,,primary producer,sessile,,,-999,-999.0,-999,-999,0.000228,-999,Portugal,-9.340603,39.286564,marine,Intertidal rocky pools,-999.0,-999.0,,,,,L1P2,43.859649122807014
209933,Mendonca et al. (2018),,herbivorous,2D,ibi,Barleeia sp.,genus,Rissoid Snails,,invertebrate,walking,,,-999,-999.0,-999,-999,0.005,-999,Dictyota dichotoma,species,,,primary producer,sessile,,,-999,-999.0,-999,-999,0.000228,-999,Portugal,-9.340603,39.286564,marine,Intertidal rocky pools,-999.0,-999.0,,,,,L1P2,21.929824561403507
209934,Mendonca et al. (2018),,herbivorous,2D,ibi,Lipophrys pholis,species,Shanny,,ectotherm vertebrate,swimming,,,-999,-999.0,-999,-999,2.4,-999,Dictyota dichotoma,species,,,primary producer,sessile,,,-999,-999.0,-999,-999,0.000228,-999,Portugal,-9.340603,39.286564,marine,Intertidal rocky pools,-999.0,-999.0,,,,,L1P2,10526.315789473683
209935,Mendonca et al. (2018),,herbivorous,2D,ibi,Ophiuroidea,class,Brittle stars,,invertebrate,walking,,,-999,-999.0,-999,-999,0.06,-999,Dictyota dichotoma,species,,,primary producer,sessile,,,-999,-999.0,-999,-999,0.000228,-999,Portugal,-9.340603,39.286564,marine,Intertidal rocky pools,-999.0,-999.0,,,,,L1P2,263.1578947368421
209936,Mendonca et al. (2018),,herbivorous,2D,ibi,Acanthochitona crinita,species,Petit chiton,,invertebrate,walking,,,-999,-999.0,-999,-999,0.07,-999,Dictyota dichotoma,species,,,primary producer,sessile,,,-999,-999.0,-999,-999,0.000228,-999,Portugal,-9.340603,39.286564,marine,Intertidal rocky pools,-999.0,-999.0,,,,,L1P2,307.01754385964915
209937,Mendonca et al. (2018),,herbivorous,2D,ibi,Calliopidae,family,Painted top shell,,invertebrate,swimming,,,-999,-999.0,-999,-999,0.0035,-999,Dictyota dichotoma,species,,,primary producer,sessile,,,-999,-999.0,-999,-999,0.000228,-999,Portugal,-9.340603,39.286564,marine,Intertidal rocky pools,-999.0,-999.0,,,,,L1P2,15.350877192982455
209938,Mendonca et al. (2018),,herbivorous,2D,ibi,Palaemon elegans,species,rock shrimp,,invertebrate,swimming,,,-999,-999.0,-999,-999,0.12,-999,Dictyota dichotoma,species,,,primary producer,sessile,,,-999,-999.0,-999,-999,0.000228,-999,Portugal,-9.340603,39.286564,marine,Intertidal rocky pools,-999.0,-999.0,,,,,L1P2,526.3157894736842
209939,Mendonca et al. (2018),,herbivorous,2D,ibi,Maja squinado,species,European Spider Crab,,invertebrate,walking,,,-999,-999.0,-999,-999,0.61,-999,Dictyota dichotoma,species,,,primary producer,sessile,,,-999,-999.0,-999,-999,0.000228,-999,Portugal,-9.340603,39.286564,marine,Intertidal rocky pools,-999.0,-999.0,,,,,L1P2,2675.438596491228
209940,Mendonca et al. (2018),,herbivorous,2D,ibi,Gobius paganellus,species,Rock goby,,ectotherm vertebrate,swimming,,,-999,-999.0,-999,-999,0.3,-999,Dictyota dichotoma,species,,,primary producer,sessile,,,-999,-999.0,-999,-999,0.000228,-999,Portugal,-9.340603,39.286564,marine,Intertidal rocky pools,-999.0,-999.0,,,,,L1P2,1315.7894736842104
209941,Mendonca et al. (2018),,herbivorous,2D,ibi,Patella ulyssiponensis,species,True limpets,,invertebrate,walking,,,-999,-999.0,-999,-999,0.0012,-999,Dictyota dichotoma,species,,,primary producer,sessile,,,-999,-999.0,-999,-999,0.000228,-999,Portugal,-9.340603,39.286564,marine,Intertidal rocky pools,-999.0,-999.0,,,,,L1P2,5.263157894736842
209942,Mendonca et al. (2018),,herbivorous,2D,ibi,Gibbula umbilicalis,species,,,invertebrate,walking,,,-999,-999.0,-999,-999,0.09,-999,Dictyota dichotoma,species,,,primary producer,sessile,,,-999,-999.0,-999,-999,0.000228,-999,Portugal,-9.340603,39.286564,marine,Intertidal rocky pools,-999.0,-999.0,,,,,L1P2,394.7368421052631
209943,Mendonca et al. (2018),,herbivorous,2D,ibi,Rissoidae,family,Minute Sea snails,,invertebrate,walking,,,-999,-999.0,-999,-999,0.003,-999,Dictyota dichotoma,species,,,primary producer,sessile,,,-999,-999.0,-999,-999,0.000228,-999,Portugal,-9.340603,39.286564,marine,Intertidal rocky pools,-999.0,-999.0,,,,,L1P2,13.157894736842104
209944,Mendonca et al. (2018),,herbivorous,2D,ibi,Tanaidacea,,,,invertebrate,walking,,,-999,-999.0,-999,-999,0.01,-999,Dictyota dichotoma,species,,,primary producer,sessile,,,-999,-999.0,-999,-999,0.000228,-999,Portugal,-9.340603,39.286564,marine,Intertidal rocky pools,-999.0,-999.0,,,,,L1P2,43.859649122807014
209945,Mendonca et al. (2018),,herbivorous,2D,ibi,Ampithoidae,family,,,invertebrate,swimming,,,-999,-999.0,-999,-999,0.01,-999,Dictyota dichotoma,species,,,primary producer,sessile,,,-999,-999.0,-999,-999,0.000228,-999,Portugal,-9.340603,39.286564,marine,Intertidal rocky pools,-999.0,-999.0,,,,,L1P2,43.859649122807014
209946,Mendonca et al. (2018),,predacious,3D  ,ibi,Lipophrys pholis,species,Shanny,,ectotherm vertebrate,swimming,,,-999,-999.0,-999,-999,2.4,-999,Lipophrys pholis,species,Shanny,,ectotherm vertebrate,swimming,,,-999,-999.0,-999,-999,2.4,-999,Portugal,-9.340603,39.286564,marine,Intertidal rocky pools,-999.0,-999.0,,,,,L1P2,1.0
209947,Mendonca et al. (2018),,predacious,3D  ,ibi,Gobius paganellus,species,Rock goby,,ectotherm vertebrate,swimming,,,-999,-999.0,-999,-999,0.3,-999,Lipophrys pholis,species,Shanny,,ectotherm vertebrate,swimming,,,-999,-999.0,-999,-999,2.4,-999,Portugal,-9.340603,39.286564,marine,Intertidal rocky pools,-999.0,-999.0,,,,,L1P2,0.125
209948,Mendonca et al. (2018),,herbivorous,2D,ibi,Sphaeromatidae,family,,,invertebrate,walking,,,-999,-999.0,-999,-999,0.02,-999,Asparagopsis armata,species,Red Seaweed,,primary producer,sessile,,,-999,-999.0,-999,-999,0.000228,-999,Portugal,-9.340603,39.286564,marine,Intertidal rocky pools,-999.0,-999.0,,,,,L1P2,87.71929824561403
209949,Mendonca et al. (2018),,herbivorous,2D,ibi,Insecta,class,,,invertebrate,swimming,,,-999,-999.0,-999,-999,0.01,-999,Asparagopsis armata,species,Red Seaweed,,primary producer,sessile,,,-999,-999.0,-999,-999,0.000228,-999,Portugal,-9.340603,39.286564,marine,Intertidal rocky pools,-999.0,-999.0,,,,,L1P2,43.859649122807014
209950,Mendonca et al. (2018),,herbivorous,2D,ibi,Tricolia pullus,species,,,invertebrate,walking,,,-999,-999.0,-999,-999,0.012,-999,Asparagopsis armata,species,Red Seaweed,,primary producer,sessile,,,-999,-999.0,-999,-999,0.000228,-999,Portugal,-9.340603,39.286564,marine,Intertidal rocky pools,-999.0,-999.0,,,,,L1P2,52.63157894736842
209951,Mendonca et al. (2018),,herbivorous,2D,ibi,Palaemon longirostris,species,,,invertebrate,swimming,,,-999,-999.0,-999,-999,0.26,-999,Asparagopsis armata,species,Red Seaweed,,primary producer,sessile,,,-999,-999.0,-999,-999,0.000228,-999,Portugal,-9.340603,39.286564,marine,Intertidal rocky pools,-999.0,-999.0,,,,,L1P2,1140.3508771929824
209952,Mendonca et al. (2018),,herbivorous,2D,ibi,Omalogyra atomus,species,,,invertebrate,walking,,,-999,-999.0,-999,-999,0.0008,-999,Asparagopsis armata,species,Red Seaweed,,primary producer,sessile,,,-999,-999.0,-999,-999,0.000228,-999,Portugal,-9.340603,39.286564,marine,Intertidal rocky pools,-999.0,-999.0,,,,,L1P2,3.508771929824561
209953,Mendonca et al. (2018),,herbivorous,2D,ibi,Gammaridae,family,,,invertebrate,swimming,,,-999,-999.0,-999,-999,0.001,-999,Asparagopsis armata,species,Red Seaweed,,primary producer,sessile,,,-999,-999.0,-999,-999,0.000228,-999,Portugal,-9.340603,39.286564,marine,Intertidal rocky pools,-999.0,-999.0,,,,,L1P2,4.385964912280701
209954,Mendonca et al. (2018),,herbivorous,2D,ibi,Stenothoidae,family,,,invertebrate,swimming,,,-999,-999.0,-999,-999,0.01,-999,Asparagopsis armata,species,Red Seaweed,,primary producer,sessile,,,-999,-999.0,-999,-999,0.000228,-999,Portugal,-9.340603,39.286564,marine,Intertidal rocky pools,-999.0,-999.0,,,,,L1P2,43.859649122807014
209955,Mendonca et al. (2018),,herbivorous,2D,ibi,Barleeia sp.,genus,Rissoid Snails,,invertebrate,walking,,,-999,-999.0,-999,-999,0.005,-999,Asparagopsis armata,species,Red Seaweed,,primary producer,sessile,,,-999,-999.0,-999,-999,0.000228,-999,Portugal,-9.340603,39.286564,marine,Intertidal rocky pools,-999.0,-999.0,,,,,L1P2,21.929824561403507
209956,Mendonca et al. (2018),,herbivorous,2D,ibi,Lipophrys pholis,species,Shanny,,ectotherm vertebrate,swimming,,,-999,-999.0,-999,-999,2.4,-999,Asparagopsis armata,species,Red Seaweed,,primary producer,sessile,,,-999,-999.0,-999,-999,0.000228,-999,Portugal,-9.340603,39.286564,marine,Intertidal rocky pools,-999.0,-999.0,,,,,L1P2,10526.315789473683
209957,Mendonca et al. (2018),,herbivorous,2D,ibi,Ophiuroidea,class,Brittle stars,,invertebrate,walking,,,-999,-999.0,-999,-999,0.06,-999,Asparagopsis armata,species,Red Seaweed,,primary producer,sessile,,,-999,-999.0,-999,-999,0.000228,-999,Portugal,-9.340603,39.286564,marine,Intertidal rocky pools,-999.0,-999.0,,,,,L1P2,263.1578947368421
209958,Mendonca et al. (2018),,herbivorous,2D,ibi,Acanthochitona crinita,species,Petit chiton,,invertebrate,walking,,,-999,-999.0,-999,-999,0.07,-999,Asparagopsis armata,species,Red Seaweed,,primary producer,sessile,,,-999,-999.0,-999,-999,0.000228,-999,Portugal,-9.340603,39.286564,marine,Intertidal rocky pools,-999.0,-999.0,,,,,L1P2,307.01754385964915
209959,Mendonca et al. (2018),,herbivorous,2D,ibi,Calliopidae,family,Painted top shell,,invertebrate,swimming,,,-999,-999.0,-999,-999,0.0035,-999,Asparagopsis armata,species,Red Seaweed,,primary producer,sessile,,,-999,-999.0,-999,-999,0.000228,-999,Portugal,-9.340603,39.286564,marine,Intertidal rocky pools,-999.0,-999.0,,,,,L1P2,15.350877192982455
209960,Mendonca et al. (2018),,herbivorous,2D,ibi,Palaemon elegans,species,rock shrimp,,invertebrate,swimming,,,-999,-999.0,-999,-999,0.12,-999,Asparagopsis armata,species,Red Seaweed,,primary producer,sessile,,,-999,-999.0,-999,-999,0.000228,-999,Portugal,-9.340603,39.286564,marine,Intertidal rocky pools,-999.0,-999.0,,,,,L1P2,526.3157894736842
209961,Mendonca et al. (2018),,herbivorous,2D,ibi,Maja squinado,species,European Spider Crab,,invertebrate,walking,,,-999,-999.0,-999,-999,0.61,-999,Asparagopsis armata,species,Red Seaweed,,primary producer,sessile,,,-999,-999.0,-999,-999,0.000228,-999,Portugal,-9.340603,39.286564,marine,Intertidal rocky pools,-999.0,-999.0,,,,,L1P2,2675.438596491228
209962,Mendonca et al. (2018),,herbivorous,2D,ibi,Gobius paganellus,species,Rock goby,,ectotherm vertebrate,swimming,,,-999,-999.0,-999,-999,0.3,-999,Asparagopsis armata,species,Red Seaweed,,primary producer,sessile,,,-999,-999.0,-999,-999,0.000228,-999,Portugal,-9.340603,39.286564,marine,Intertidal rocky pools,-999.0,-999.0,,,,,L1P2,1315.7894736842104
209963,Mendonca et al. (2018),,herbivorous,2D,ibi,Patella ulyssiponensis,species,True limpets,,invertebrate,walking,,,-999,-999.0,-999,-999,0.0012,-999,Asparagopsis armata,species,Red Seaweed,,primary producer,sessile,,,-999,-999.0,-999,-999,0.000228,-999,Portugal,-9.340603,39.286564,marine,Intertidal rocky pools,-999.0,-999.0,,,,,L1P2,5.263157894736842
209964,Mendonca et al. (2018),,herbivorous,2D,ibi,Gibbula umbilicalis,species,,,invertebrate,walking,,,-999,-999.0,-999,-999,0.09,-999,Asparagopsis armata,species,Red Seaweed,,primary producer,sessile,,,-999,-999.0,-999,-999,0.000228,-999,Portugal,-9.340603,39.286564,marine,Intertidal rocky pools,-999.0,-999.0,,,,,L1P2,394.7368421052631
209965,Mendonca et al. (2018),,herbivorous,2D,ibi,Rissoidae,family,Minute Sea snails,,invertebrate,walking,,,-999,-999.0,-999,-999,0.003,-999,Asparagopsis armata,species,Red Seaweed,,primary producer,sessile,,,-999,-999.0,-999,-999,0.000228,-999,Portugal,-9.340603,39.286564,marine,Intertidal rocky pools,-999.0,-999.0,,,,,L1P2,13.157894736842104
209966,Mendonca et al. (2018),,herbivorous,2D,ibi,Tanaidacea,,,,invertebrate,walking,,,-999,-999.0,-999,-999,0.01,-999,Asparagopsis armata,species,Red Seaweed,,primary producer,sessile,,,-999,-999.0,-999,-999,0.000228,-999,Portugal,-9.340603,39.286564,marine,Intertidal rocky pools,-999.0,-999.0,,,,,L1P2,43.859649122807014
209967,Mendonca et al. (2018),,herbivorous,2D,ibi,Ampithoidae,family,,,invertebrate,swimming,,,-999,-999.0,-999,-999,0.01,-999,Asparagopsis armata,species,Red Seaweed,,primary producer,sessile,,,-999,-999.0,-999,-999,0.000228,-999,Portugal,-9.340603,39.286564,marine,Intertidal rocky pools,-999.0,-999.0,,,,,L1P2,43.859649122807014
209968,Mendonca et al. (2018),,predacious,3D  ,ibi,Lipophrys pholis,species,Shanny,,ectotherm vertebrate,swimming,,,-999,-999.0,-999,-999,2.4,-999,Gobius paganellus,species,Rock goby,,ectotherm vertebrate,swimming,,,-999,-999.0,-999,-999,0.3,-999,Portugal,-9.340603,39.286564,marine,Intertidal rocky pools,-999.0,-999.0,,,,,L1P2,8.0
209969,Mendonca et al. (2018),,predacious,2D,ibi,Maja squinado,species,European Spider Crab,,invertebrate,walking,,,-999,-999.0,-999,-999,0.61,-999,Gobius paganellus,species,Rock goby,,ectotherm vertebrate,swimming,,,-999,-999.0,-999,-999,0.3,-999,Portugal,-9.340603,39.286564,marine,Intertidal rocky pools,-999.0,-999.0,,,,,L1P2,2.033333333333333
209970,Mendonca et al. (2018),,predacious,3D  ,ibi,Gobius paganellus,species,Rock goby,,ectotherm vertebrate,swimming,,,-999,-999.0,-999,-999,0.3,-999,Gobius paganellus,species,Rock goby,,ectotherm vertebrate,swimming,,,-999,-999.0,-999,-999,0.3,-999,Portugal,-9.340603,39.286564,marine,Intertidal rocky pools,-999.0,-999.0,,,,,L1P2,1.0
209971,Mendonca et al. (2018),,predacious,3D  ,ibi,Anemonia sulcata,species,Mediterranean snakelocks anemone,,invertebrate,sessile,,,-999,-999.0,-999,-999,0.4,-999,Gobius paganellus,species,Rock goby,,ectotherm vertebrate,swimming,,,-999,-999.0,-999,-999,0.3,-999,Portugal,-9.340603,39.286564,marine,Intertidal rocky pools,-999.0,-999.0,,,,,L1P2,1.3333333333333337
209972,Mendonca et al. (2018),,predacious,2D,ibi,Anemonia sulcata,species,Mediterranean snakelocks anemone,,invertebrate,sessile,,,-999,-999.0,-999,-999,0.4,-999,Nematoda,,,,invertebrate,walking,,,-999,-999.0,-999,-999,0.01,-999,Portugal,-9.340603,39.286564,marine,Intertidal rocky pools,-999.0,-999.0,,,,,L1P2,40.0
209973,Mendonca et al. (2018),,predacious,2D,ibi,Nematoda,,,,invertebrate,walking,,,-999,-999.0,-999,-999,0.01,-999,Nematoda,,,,invertebrate,walking,,,-999,-999.0,-999,-999,0.01,-999,Portugal,-9.340603,39.286564,marine,Intertidal rocky pools,-999.0,-999.0,,,,,L1P2,1.0
209974,Mendonca et al. (2018),,predacious,2D,ibi,Turridae,family,,,invertebrate,walking,,,-999,-999.0,-999,-999,0.0042,-999,Polychaeta,class,,,invertebrate,walking,,,-999,-999.0,-999,-999,0.01,-999,Portugal,-9.340603,39.286564,marine,Intertidal rocky pools,-999.0,-999.0,,,,,L1P2,0.42
209975,Mendonca et al. (2018),,predacious,2D,ibi,Anemonia sulcata,species,Mediterranean snakelocks anemone,,invertebrate,sessile,,,-999,-999.0,-999,-999,0.4,-999,Polychaeta,class,,,invertebrate,walking,,,-999,-999.0,-999,-999,0.01,-999,Portugal,-9.340603,39.286564,marine,Intertidal rocky pools,-999.0,-999.0,,,,,L1P2,40.0
209976,Mendonca et al. (2018),,predacious,2D,ibi,Ophiuroidea,class,Brittle stars,,invertebrate,walking,,,-999,-999.0,-999,-999,0.06,-999,Polychaeta,class,,,invertebrate,walking,,,-999,-999.0,-999,-999,0.01,-999,Portugal,-9.340603,39.286564,marine,Intertidal rocky pools,-999.0,-999.0,,,,,L1P2,6.0
209977,Mendonca et al. (2018),,predacious,2D,ibi,Polychaeta,class,,,invertebrate,walking,,,-999,-999.0,-999,-999,0.01,-999,Polychaeta,class,,,invertebrate,walking,,,-999,-999.0,-999,-999,0.01,-999,Portugal,-9.340603,39.286564,marine,Intertidal rocky pools,-999.0,-999.0,,,,,L1P2,1.0
209978,Mendonca et al. (2018),,predacious,2D,ibi,Lipophrys pholis,species,Shanny,,ectotherm vertebrate,swimming,,,-999,-999.0,-999,-999,2.4,-999,Polychaeta,class,,,invertebrate,walking,,,-999,-999.0,-999,-999,0.01,-999,Portugal,-9.340603,39.286564,marine,Intertidal rocky pools,-999.0,-999.0,,,,,L1P2,240.0
209979,Mendonca et al. (2018),,predacious,2D,ibi,Palaemon longirostris,species,,,invertebrate,swimming,,,-999,-999.0,-999,-999,0.26,-999,Polychaeta,class,,,invertebrate,walking,,,-999,-999.0,-999,-999,0.01,-999,Portugal,-9.340603,39.286564,marine,Intertidal rocky pools,-999.0,-999.0,,,,,L1P2,26.0
209980,Mendonca et al. (2018),,predacious,2D,ibi,Palaemon elegans,species,rock shrimp,,invertebrate,swimming,,,-999,-999.0,-999,-999,0.12,-999,Polychaeta,class,,,invertebrate,walking,,,-999,-999.0,-999,-999,0.01,-999,Portugal,-9.340603,39.286564,marine,Intertidal rocky pools,-999.0,-999.0,,,,,L1P2,12.0
209981,Mendonca et al. (2018),,predacious,2D,ibi,Gobius paganellus,species,Rock goby,,ectotherm vertebrate,swimming,,,-999,-999.0,-999,-999,0.3,-999,Polychaeta,class,,,invertebrate,walking,,,-999,-999.0,-999,-999,0.01,-999,Portugal,-9.340603,39.286564,marine,Intertidal rocky pools,-999.0,-999.0,,,,,L1P2,30.0
209982,Mendonca et al. (2018),,predacious,2D,ibi,Maja squinado,species,European Spider Crab,,invertebrate,walking,,,-999,-999.0,-999,-999,0.61,-999,Polychaeta,class,,,invertebrate,walking,,,-999,-999.0,-999,-999,0.01,-999,Portugal,-9.340603,39.286564,marine,Intertidal rocky pools,-999.0,-999.0,,,,,L1P2,61.0
209983,Mendonca et al. (2018),,predacious,2D,ibi,Ampithoidae,family,,,invertebrate,swimming,,,-999,-999.0,-999,-999,0.01,-999,Polychaeta,class,,,invertebrate,walking,,,-999,-999.0,-999,-999,0.01,-999,Portugal,-9.340603,39.286564,marine,Intertidal rocky pools,-999.0,-999.0,,,,,L1P2,1.0
209984,Mendonca et al. (2018),,predacious,2D,ibi,Nematoda,,,,invertebrate,walking,,,-999,-999.0,-999,-999,0.01,-999,Oligochaeta,,,,invertebrate,walking,,,-999,-999.0,-999,-999,0.01,-999,Portugal,-9.340603,39.286564,marine,Intertidal rocky pools,-999.0,-999.0,,,,,L1P2,1.0
209985,Mendonca et al. (2018),,predacious,2D,ibi,Oligochaeta,,,,invertebrate,walking,,,-999,-999.0,-999,-999,0.01,-999,Oligochaeta,,,,invertebrate,walking,,,-999,-999.0,-999,-999,0.01,-999,Portugal,-9.340603,39.286564,marine,Intertidal rocky pools,-999.0,-999.0,,,,,L1P2,1.0
209986,Mendonca et al. (2018),,predacious,2D,ibi,Lipophrys pholis,species,Shanny,,ectotherm vertebrate,swimming,,,-999,-999.0,-999,-999,2.4,-999,Acanthochitona crinita,species,Petit chiton,,invertebrate,walking,,,-999,-999.0,-999,-999,0.07,-999,Portugal,-9.340603,39.286564,marine,Intertidal rocky pools,-999.0,-999.0,,,,,L1P2,34.285714285714285
209987,Mendonca et al. (2018),,predacious,2D,ibi,Maja squinado,species,European Spider Crab,,invertebrate,walking,,,-999,-999.0,-999,-999,0.61,-999,Acanthochitona crinita,species,Petit chiton,,invertebrate,walking,,,-999,-999.0,-999,-999,0.07,-999,Portugal,-9.340603,39.286564,marine,Intertidal rocky pools,-999.0,-999.0,,,,,L1P2,8.714285714285714
209988,Mendonca et al. (2018),,predacious,2D,ibi,Gobius paganellus,species,Rock goby,,ectotherm vertebrate,swimming,,,-999,-999.0,-999,-999,0.3,-999,Acanthochitona crinita,species,Petit chiton,,invertebrate,walking,,,-999,-999.0,-999,-999,0.07,-999,Portugal,-9.340603,39.286564,marine,Intertidal rocky pools,-999.0,-999.0,,,,,L1P2,4.285714285714286
209989,Mendonca et al. (2018),,predacious,2D,ibi,Gobius paganellus,species,Rock goby,,ectotherm vertebrate,swimming,,,-999,-999.0,-999,-999,0.3,-999,Patella ulyssiponensis,species,True limpets,,invertebrate,walking,,,-999,-999.0,-999,-999,0.0012,-999,Portugal,-9.340603,39.286564,marine,Intertidal rocky pools,-999.0,-999.0,,,,,L1P2,250.0
209990,Mendonca et al. (2018),,predacious,2D,ibi,Anemonia sulcata,species,Mediterranean snakelocks anemone,,invertebrate,sessile,,,-999,-999.0,-999,-999,0.4,-999,Patella ulyssiponensis,species,True limpets,,invertebrate,walking,,,-999,-999.0,-999,-999,0.0012,-999,Portugal,-9.340603,39.286564,marine,Intertidal rocky pools,-999.0,-999.0,,,,,L1P2,333.33333333333337
209991,Mendonca et al. (2018),,predacious,2D,ibi,Nucella sp.,genus,,,invertebrate,walking,,,-999,-999.0,-999,-999,0.0065,-999,Patella ulyssiponensis,species,True limpets,,invertebrate,walking,,,-999,-999.0,-999,-999,0.0012,-999,Portugal,-9.340603,39.286564,marine,Intertidal rocky pools,-999.0,-999.0,,,,,L1P2,5.416666666666667
209992,Mendonca et al. (2018),,predacious,2D,ibi,Lipophrys pholis,species,Shanny,,ectotherm vertebrate,swimming,,,-999,-999.0,-999,-999,2.4,-999,Gibbula umbilicalis,species,,,invertebrate,walking,,,-999,-999.0,-999,-999,0.09,-999,Portugal,-9.340603,39.286564,marine,Intertidal rocky pools,-999.0,-999.0,,,,,L1P2,26.666666666666668
209993,Mendonca et al. (2018),,predacious,2D,ibi,Maja squinado,species,European Spider Crab,,invertebrate,walking,,,-999,-999.0,-999,-999,0.61,-999,Gibbula umbilicalis,species,,,invertebrate,walking,,,-999,-999.0,-999,-999,0.09,-999,Portugal,-9.340603,39.286564,marine,Intertidal rocky pools,-999.0,-999.0,,,,,L1P2,6.777777777777778
209994,Mendonca et al. (2018),,predacious,2D,ibi,Gobius paganellus,species,Rock goby,,ectotherm vertebrate,swimming,,,-999,-999.0,-999,-999,0.3,-999,Gibbula umbilicalis,species,,,invertebrate,walking,,,-999,-999.0,-999,-999,0.09,-999,Portugal,-9.340603,39.286564,marine,Intertidal rocky pools,-999.0,-999.0,,,,,L1P2,3.3333333333333335
209995,Mendonca et al. (2018),,predacious,2D,ibi,Anemonia sulcata,species,Mediterranean snakelocks anemone,,invertebrate,sessile,,,-999,-999.0,-999,-999,0.4,-999,Gibbula umbilicalis,species,,,invertebrate,walking,,,-999,-999.0,-999,-999,0.09,-999,Portugal,-9.340603,39.286564,marine,Intertidal rocky pools,-999.0,-999.0,,,,,L1P2,4.444444444444445
209996,Mendonca et al. (2018),,predacious,2D,ibi,Maja squinado,species,European Spider Crab,,invertebrate,walking,,,-999,-999.0,-999,-999,0.61,-999,Rissoidae,family,Minute Sea snails,,invertebrate,walking,,,-999,-999.0,-999,-999,0.003,-999,Portugal,-9.340603,39.286564,marine,Intertidal rocky pools,-999.0,-999.0,,,,,L1P2,203.33333333333331
209997,Mendonca et al. (2018),,predacious,2D,ibi,Gobius paganellus,species,Rock goby,,ectotherm vertebrate,swimming,,,-999,-999.0,-999,-999,0.3,-999,Rissoidae,family,Minute Sea snails,,invertebrate,walking,,,-999,-999.0,-999,-999,0.003,-999,Portugal,-9.340603,39.286564,marine,Intertidal rocky pools,-999.0,-999.0,,,,,L1P2,100.0
209998,Mendonca et al. (2018),,predacious,2D,ibi,Anemonia sulcata,species,Mediterranean snakelocks anemone,,invertebrate,sessile,,,-999,-999.0,-999,-999,0.4,-999,Rissoidae,family,Minute Sea snails,,invertebrate,walking,,,-999,-999.0,-999,-999,0.003,-999,Portugal,-9.340603,39.286564,marine,Intertidal rocky pools,-999.0,-999.0,,,,,L1P2,133.33333333333334
209999,Mendonca et al. (2018),,predacious,2D,ibi,Lipophrys pholis,species,Shanny,,ectotherm vertebrate,swimming,,,-999,-999.0,-999,-999,2.4,-999,Nucella sp.,genus,,,invertebrate,walking,,,-999,-999.0,-999,-999,0.0065,-999,Portugal,-9.340603,39.286564,marine,Intertidal rocky pools,-999.0,-999.0,,,,,L1P2,369.2307692307692
210000,Mendonca et al. (2018),,predacious,2D,ibi,Anemonia sulcata,species,Mediterranean snakelocks anemone,,invertebrate,sessile,,,-999,-999.0,-999,-999,0.4,-999,Nucella sp.,genus,,,invertebrate,walking,,,-999,-999.0,-999,-999,0.0065,-999,Portugal,-9.340603,39.286564,marine,Intertidal rocky pools,-999.0,-999.0,,,,,L1P2,61.53846153846155
210001,Mendonca et al. (2018),,predacious,2D,ibi,Nucella sp.,genus,,,invertebrate,walking,,,-999,-999.0,-999,-999,0.0065,-999,Nucella sp.,genus,,,invertebrate,walking,,,-999,-999.0,-999,-999,0.0065,-999,Portugal,-9.340603,39.286564,marine,Intertidal rocky pools,-999.0,-999.0,,,,,L1P2,1.0
210002,Mendonca et al. (2018),,predacious,2D,ibi,Anemonia sulcata,species,Mediterranean snakelocks anemone,,invertebrate,sessile,,,-999,-999.0,-999,-999,0.4,-999,Turridae,family,,,invertebrate,walking,,,-999,-999.0,-999,-999,0.0042,-999,Portugal,-9.340603,39.286564,marine,Intertidal rocky pools,-999.0,-999.0,,,,,L1P2,95.23809523809526
210003,Mendonca et al. (2018),,predacious,2D,ibi,Lipophrys pholis,species,Shanny,,ectotherm vertebrate,swimming,,,-999,-999.0,-999,-999,2.4,-999,Tricolia pullus,species,,,invertebrate,walking,,,-999,-999.0,-999,-999,0.012,-999,Portugal,-9.340603,39.286564,marine,Intertidal rocky pools,-999.0,-999.0,,,,,L1P2,200.0
210004,Mendonca et al. (2018),,predacious,2D,ibi,Anemonia sulcata,species,Mediterranean snakelocks anemone,,invertebrate,sessile,,,-999,-999.0,-999,-999,0.4,-999,Tricolia pullus,species,,,invertebrate,walking,,,-999,-999.0,-999,-999,0.012,-999,Portugal,-9.340603,39.286564,marine,Intertidal rocky pools,-999.0,-999.0,,,,,L1P2,33.333333333333336
210005,Mendonca et al. (2018),,predacious,2D,ibi,Gobius paganellus,species,Rock goby,,ectotherm vertebrate,swimming,,,-999,-999.0,-999,-999,0.3,-999,Omalogyra atomus,species,,,invertebrate,walking,,,-999,-999.0,-999,-999,0.0008,-999,Portugal,-9.340603,39.286564,marine,Intertidal rocky pools,-999.0,-999.0,,,,,L1P2,374.99999999999994
210006,Mendonca et al. (2018),,predacious,2D,ibi,Anemonia sulcata,species,Mediterranean snakelocks anemone,,invertebrate,sessile,,,-999,-999.0,-999,-999,0.4,-999,Omalogyra atomus,species,,,invertebrate,walking,,,-999,-999.0,-999,-999,0.0008,-999,Portugal,-9.340603,39.286564,marine,Intertidal rocky pools,-999.0,-999.0,,,,,L1P2,500.0
210007,Mendonca et al. (2018),,predacious,2D,ibi,Lipophrys pholis,species,Shanny,,ectotherm vertebrate,swimming,,,-999,-999.0,-999,-999,2.4,-999,Barleeia sp.,genus,Rissoid Snails,,invertebrate,walking,,,-999,-999.0,-999,-999,0.005,-999,Portugal,-9.340603,39.286564,marine,Intertidal rocky pools,-999.0,-999.0,,,,,L1P2,480.0
210008,Mendonca et al. (2018),,predacious,2D,ibi,Gobius paganellus,species,Rock goby,,ectotherm vertebrate,swimming,,,-999,-999.0,-999,-999,0.3,-999,Barleeia sp.,genus,Rissoid Snails,,invertebrate,walking,,,-999,-999.0,-999,-999,0.005,-999,Portugal,-9.340603,39.286564,marine,Intertidal rocky pools,-999.0,-999.0,,,,,L1P2,60.0
210009,Mendonca et al. (2018),,predacious,2D,ibi,Anemonia sulcata,species,Mediterranean snakelocks anemone,,invertebrate,sessile,,,-999,-999.0,-999,-999,0.4,-999,Barleeia sp.,genus,Rissoid Snails,,invertebrate,walking,,,-999,-999.0,-999,-999,0.005,-999,Portugal,-9.340603,39.286564,marine,Intertidal rocky pools,-999.0,-999.0,,,,,L1P2,80.0
210010,Mendonca et al. (2018),,predacious,2D,ibi,Lipophrys pholis,species,Shanny,,ectotherm vertebrate,swimming,,,-999,-999.0,-999,-999,2.4,-999,Musculus costulatus,species,,,invertebrate,sessile,,,-999,-999.0,-999,-999,0.008,-999,Portugal,-9.340603,39.286564,marine,Intertidal rocky pools,-999.0,-999.0,,,,,L1P2,300.0
210011,Mendonca et al. (2018),,predacious,2D,ibi,Maja squinado,species,European Spider Crab,,invertebrate,walking,,,-999,-999.0,-999,-999,0.61,-999,Musculus costulatus,species,,,invertebrate,sessile,,,-999,-999.0,-999,-999,0.008,-999,Portugal,-9.340603,39.286564,marine,Intertidal rocky pools,-999.0,-999.0,,,,,L1P2,76.25
210012,Mendonca et al. (2018),,predacious,2D,ibi,Anemonia sulcata,species,Mediterranean snakelocks anemone,,invertebrate,sessile,,,-999,-999.0,-999,-999,0.4,-999,Musculus costulatus,species,,,invertebrate,sessile,,,-999,-999.0,-999,-999,0.008,-999,Portugal,-9.340603,39.286564,marine,Intertidal rocky pools,-999.0,-999.0,,,,,L1P2,50.0
210013,Mendonca et al. (2018),,predacious,2D,ibi,Nucella sp.,genus,,,invertebrate,walking,,,-999,-999.0,-999,-999,0.0065,-999,Musculus costulatus,species,,,invertebrate,sessile,,,-999,-999.0,-999,-999,0.008,-999,Portugal,-9.340603,39.286564,marine,Intertidal rocky pools,-999.0,-999.0,,,,,L1P2,0.8125
210014,Mendonca et al. (2018),,predacious,2D,ibi,Lipophrys pholis,species,Shanny,,ectotherm vertebrate,swimming,,,-999,-999.0,-999,-999,2.4,-999,Mytilus galloprovincialis,species,,,invertebrate,sessile,,,-999,-999.0,-999,-999,0.011,-999,Portugal,-9.340603,39.286564,marine,Intertidal rocky pools,-999.0,-999.0,,,,,L1P2,218.1818181818182
210015,Mendonca et al. (2018),,predacious,2D,ibi,Maja squinado,species,European Spider Crab,,invertebrate,walking,,,-999,-999.0,-999,-999,0.61,-999,Mytilus galloprovincialis,species,,,invertebrate,sessile,,,-999,-999.0,-999,-999,0.011,-999,Portugal,-9.340603,39.286564,marine,Intertidal rocky pools,-999.0,-999.0,,,,,L1P2,55.45454545454545
210016,Mendonca et al. (2018),,predacious,2D,ibi,Anemonia sulcata,species,Mediterranean snakelocks anemone,,invertebrate,sessile,,,-999,-999.0,-999,-999,0.4,-999,Mytilus galloprovincialis,species,,,invertebrate,sessile,,,-999,-999.0,-999,-999,0.011,-999,Portugal,-9.340603,39.286564,marine,Intertidal rocky pools,-999.0,-999.0,,,,,L1P2,36.36363636363637
210017,Mendonca et al. (2018),,predacious,2D,ibi,Polychaeta,class,,,invertebrate,walking,,,-999,-999.0,-999,-999,0.01,-999,Mytilus galloprovincialis,species,,,invertebrate,sessile,,,-999,-999.0,-999,-999,0.011,-999,Portugal,-9.340603,39.286564,marine,Intertidal rocky pools,-999.0,-999.0,,,,,L1P2,0.9090909090909092
210018,Mendonca et al. (2018),,predacious,2D,ibi,Nucella sp.,genus,,,invertebrate,walking,,,-999,-999.0,-999,-999,0.0065,-999,Mytilus galloprovincialis,species,,,invertebrate,sessile,,,-999,-999.0,-999,-999,0.011,-999,Portugal,-9.340603,39.286564,marine,Intertidal rocky pools,-999.0,-999.0,,,,,L1P2,0.5909090909090909
210019,Mendonca et al. (2018),,predacious,2D,ibi,Lipophrys pholis,species,Shanny,,ectotherm vertebrate,swimming,,,-999,-999.0,-999,-999,2.4,-999,Cardiidae,family,cockle,,invertebrate,sessile,,,-999,-999.0,-999,-999,0.007,-999,Portugal,-9.340603,39.286564,marine,Intertidal rocky pools,-999.0,-999.0,,,,,L1P2,342.85714285714283
210020,Mendonca et al. (2018),,predacious,2D,ibi,Gobius paganellus,species,Rock goby,,ectotherm vertebrate,swimming,,,-999,-999.0,-999,-999,0.3,-999,Cardiidae,family,cockle,,invertebrate,sessile,,,-999,-999.0,-999,-999,0.007,-999,Portugal,-9.340603,39.286564,marine,Intertidal rocky pools,-999.0,-999.0,,,,,L1P2,42.857142857142854
210021,Mendonca et al. (2018),,predacious,3D  ,ibi,Lipophrys pholis,species,Shanny,,ectotherm vertebrate,swimming,,,-999,-999.0,-999,-999,2.4,-999,Tanaidacea,,,,invertebrate,walking,,,-999,-999.0,-999,-999,0.01,-999,Portugal,-9.340603,39.286564,marine,Intertidal rocky pools,-999.0,-999.0,,,,,L1P2,240.0
210022,Mendonca et al. (2018),,predacious,3D  ,ibi,Palaemon longirostris,species,,,invertebrate,swimming,,,-999,-999.0,-999,-999,0.26,-999,Tanaidacea,,,,invertebrate,walking,,,-999,-999.0,-999,-999,0.01,-999,Portugal,-9.340603,39.286564,marine,Intertidal rocky pools,-999.0,-999.0,,,,,L1P2,26.0
210023,Mendonca et al. (2018),,predacious,3D  ,ibi,Palaemon elegans,species,rock shrimp,,invertebrate,swimming,,,-999,-999.0,-999,-999,0.12,-999,Tanaidacea,,,,invertebrate,walking,,,-999,-999.0,-999,-999,0.01,-999,Portugal,-9.340603,39.286564,marine,Intertidal rocky pools,-999.0,-999.0,,,,,L1P2,12.0
210024,Mendonca et al. (2018),,predacious,3D  ,ibi,Gobius paganellus,species,Rock goby,,ectotherm vertebrate,swimming,,,-999,-999.0,-999,-999,0.3,-999,Tanaidacea,,,,invertebrate,walking,,,-999,-999.0,-999,-999,0.01,-999,Portugal,-9.340603,39.286564,marine,Intertidal rocky pools,-999.0,-999.0,,,,,L1P2,30.0
210025,Mendonca et al. (2018),,predacious,3D  ,ibi,Anemonia sulcata,species,Mediterranean snakelocks anemone,,invertebrate,sessile,,,-999,-999.0,-999,-999,0.4,-999,Tanaidacea,,,,invertebrate,walking,,,-999,-999.0,-999,-999,0.01,-999,Portugal,-9.340603,39.286564,marine,Intertidal rocky pools,-999.0,-999.0,,,,,L1P2,40.0
210026,Mendonca et al. (2018),,predacious,2D,ibi,Lipophrys pholis,species,Shanny,,ectotherm vertebrate,swimming,,,-999,-999.0,-999,-999,2.4,-999,Sphaeromatidae,family,,,invertebrate,walking,,,-999,-999.0,-999,-999,0.02,-999,Portugal,-9.340603,39.286564,marine,Intertidal rocky pools,-999.0,-999.0,,,,,L1P2,120.0
210027,Mendonca et al. (2018),,predacious,2D,ibi,Palaemon longirostris,species,,,invertebrate,swimming,,,-999,-999.0,-999,-999,0.26,-999,Sphaeromatidae,family,,,invertebrate,walking,,,-999,-999.0,-999,-999,0.02,-999,Portugal,-9.340603,39.286564,marine,Intertidal rocky pools,-999.0,-999.0,,,,,L1P2,13.0
210028,Mendonca et al. (2018),,predacious,2D,ibi,Palaemon elegans,species,rock shrimp,,invertebrate,swimming,,,-999,-999.0,-999,-999,0.12,-999,Sphaeromatidae,family,,,invertebrate,walking,,,-999,-999.0,-999,-999,0.02,-999,Portugal,-9.340603,39.286564,marine,Intertidal rocky pools,-999.0,-999.0,,,,,L1P2,6.0
210029,Mendonca et al. (2018),,predacious,2D,ibi,Gobius paganellus,species,Rock goby,,ectotherm vertebrate,swimming,,,-999,-999.0,-999,-999,0.3,-999,Sphaeromatidae,family,,,invertebrate,walking,,,-999,-999.0,-999,-999,0.02,-999,Portugal,-9.340603,39.286564,marine,Intertidal rocky pools,-999.0,-999.0,,,,,L1P2,15.0
210030,Mendonca et al. (2018),,predacious,2D,ibi,Anemonia sulcata,species,Mediterranean snakelocks anemone,,invertebrate,sessile,,,-999,-999.0,-999,-999,0.4,-999,Sphaeromatidae,family,,,invertebrate,walking,,,-999,-999.0,-999,-999,0.02,-999,Portugal,-9.340603,39.286564,marine,Intertidal rocky pools,-999.0,-999.0,,,,,L1P2,20.0
210031,Mendonca et al. (2018),,herbivorous,2D,ibi,Sphaeromatidae,family,,,invertebrate,walking,,,-999,-999.0,-999,-999,0.02,-999,Dictyopteris polypodioides,species,,,primary producer,sessile,,,-999,-999.0,-999,-999,0.000228,-999,Portugal,-9.340603,39.286564,marine,Intertidal rocky pools,-999.0,-999.0,,,,,L1P2,87.71929824561403
210032,Mendonca et al. (2018),,herbivorous,2D,ibi,Insecta,class,,,invertebrate,swimming,,,-999,-999.0,-999,-999,0.01,-999,Dictyopteris polypodioides,species,,,primary producer,sessile,,,-999,-999.0,-999,-999,0.000228,-999,Portugal,-9.340603,39.286564,marine,Intertidal rocky pools,-999.0,-999.0,,,,,L1P2,43.859649122807014
210033,Mendonca et al. (2018),,herbivorous,2D,ibi,Tricolia pullus,species,,,invertebrate,walking,,,-999,-999.0,-999,-999,0.012,-999,Dictyopteris polypodioides,species,,,primary producer,sessile,,,-999,-999.0,-999,-999,0.000228,-999,Portugal,-9.340603,39.286564,marine,Intertidal rocky pools,-999.0,-999.0,,,,,L1P2,52.63157894736842
210034,Mendonca et al. (2018),,herbivorous,2D,ibi,Palaemon longirostris,species,,,invertebrate,swimming,,,-999,-999.0,-999,-999,0.26,-999,Dictyopteris polypodioides,species,,,primary producer,sessile,,,-999,-999.0,-999,-999,0.000228,-999,Portugal,-9.340603,39.286564,marine,Intertidal rocky pools,-999.0,-999.0,,,,,L1P2,1140.3508771929824
210035,Mendonca et al. (2018),,herbivorous,2D,ibi,Omalogyra atomus,species,,,invertebrate,walking,,,-999,-999.0,-999,-999,0.0008,-999,Dictyopteris polypodioides,species,,,primary producer,sessile,,,-999,-999.0,-999,-999,0.000228,-999,Portugal,-9.340603,39.286564,marine,Intertidal rocky pools,-999.0,-999.0,,,,,L1P2,3.508771929824561
210036,Mendonca et al. (2018),,herbivorous,2D,ibi,Gammaridae,family,,,invertebrate,swimming,,,-999,-999.0,-999,-999,0.001,-999,Dictyopteris polypodioides,species,,,primary producer,sessile,,,-999,-999.0,-999,-999,0.000228,-999,Portugal,-9.340603,39.286564,marine,Intertidal rocky pools,-999.0,-999.0,,,,,L1P2,4.385964912280701
210037,Mendonca et al. (2018),,herbivorous,2D,ibi,Stenothoidae,family,,,invertebrate,swimming,,,-999,-999.0,-999,-999,0.01,-999,Dictyopteris polypodioides,species,,,primary producer,sessile,,,-999,-999.0,-999,-999,0.000228,-999,Portugal,-9.340603,39.286564,marine,Intertidal rocky pools,-999.0,-999.0,,,,,L1P2,43.859649122807014
210038,Mendonca et al. (2018),,herbivorous,2D,ibi,Barleeia sp.,genus,Rissoid Snails,,invertebrate,walking,,,-999,-999.0,-999,-999,0.005,-999,Dictyopteris polypodioides,species,,,primary producer,sessile,,,-999,-999.0,-999,-999,0.000228,-999,Portugal,-9.340603,39.286564,marine,Intertidal rocky pools,-999.0,-999.0,,,,,L1P2,21.929824561403507
210039,Mendonca et al. (2018),,herbivorous,2D,ibi,Lipophrys pholis,species,Shanny,,ectotherm vertebrate,swimming,,,-999,-999.0,-999,-999,2.4,-999,Dictyopteris polypodioides,species,,,primary producer,sessile,,,-999,-999.0,-999,-999,0.000228,-999,Portugal,-9.340603,39.286564,marine,Intertidal rocky pools,-999.0,-999.0,,,,,L1P2,10526.315789473683
210040,Mendonca et al. (2018),,herbivorous,2D,ibi,Ophiuroidea,class,Brittle stars,,invertebrate,walking,,,-999,-999.0,-999,-999,0.06,-999,Dictyopteris polypodioides,species,,,primary producer,sessile,,,-999,-999.0,-999,-999,0.000228,-999,Portugal,-9.340603,39.286564,marine,Intertidal rocky pools,-999.0,-999.0,,,,,L1P2,263.1578947368421
210041,Mendonca et al. (2018),,herbivorous,2D,ibi,Acanthochitona crinita,species,Petit chiton,,invertebrate,walking,,,-999,-999.0,-999,-999,0.07,-999,Dictyopteris polypodioides,species,,,primary producer,sessile,,,-999,-999.0,-999,-999,0.000228,-999,Portugal,-9.340603,39.286564,marine,Intertidal rocky pools,-999.0,-999.0,,,,,L1P2,307.01754385964915
210042,Mendonca et al. (2018),,herbivorous,2D,ibi,Calliopidae,family,Painted top shell,,invertebrate,swimming,,,-999,-999.0,-999,-999,0.0035,-999,Dictyopteris polypodioides,species,,,primary producer,sessile,,,-999,-999.0,-999,-999,0.000228,-999,Portugal,-9.340603,39.286564,marine,Intertidal rocky pools,-999.0,-999.0,,,,,L1P2,15.350877192982455
210043,Mendonca et al. (2018),,herbivorous,2D,ibi,Palaemon elegans,species,rock shrimp,,invertebrate,swimming,,,-999,-999.0,-999,-999,0.12,-999,Dictyopteris polypodioides,species,,,primary producer,sessile,,,-999,-999.0,-999,-999,0.000228,-999,Portugal,-9.340603,39.286564,marine,Intertidal rocky pools,-999.0,-999.0,,,,,L1P2,526.3157894736842
210044,Mendonca et al. (2018),,herbivorous,2D,ibi,Maja squinado,species,European Spider Crab,,invertebrate,walking,,,-999,-999.0,-999,-999,0.61,-999,Dictyopteris polypodioides,species,,,primary producer,sessile,,,-999,-999.0,-999,-999,0.000228,-999,Portugal,-9.340603,39.286564,marine,Intertidal rocky pools,-999.0,-999.0,,,,,L1P2,2675.438596491228
210045,Mendonca et al. (2018),,herbivorous,2D,ibi,Gobius paganellus,species,Rock goby,,ectotherm vertebrate,swimming,,,-999,-999.0,-999,-999,0.3,-999,Dictyopteris polypodioides,species,,,primary producer,sessile,,,-999,-999.0,-999,-999,0.000228,-999,Portugal,-9.340603,39.286564,marine,Intertidal rocky pools,-999.0,-999.0,,,,,L1P2,1315.7894736842104
210046,Mendonca et al. (2018),,herbivorous,2D,ibi,Patella ulyssiponensis,species,True limpets,,invertebrate,walking,,,-999,-999.0,-999,-999,0.0012,-999,Dictyopteris polypodioides,species,,,primary producer,sessile,,,-999,-999.0,-999,-999,0.000228,-999,Portugal,-9.340603,39.286564,marine,Intertidal rocky pools,-999.0,-999.0,,,,,L1P2,5.263157894736842
210047,Mendonca et al. (2018),,herbivorous,2D,ibi,Gibbula umbilicalis,species,,,invertebrate,walking,,,-999,-999.0,-999,-999,0.09,-999,Dictyopteris polypodioides,species,,,primary producer,sessile,,,-999,-999.0,-999,-999,0.000228,-999,Portugal,-9.340603,39.286564,marine,Intertidal rocky pools,-999.0,-999.0,,,,,L1P2,394.7368421052631
210048,Mendonca et al. (2018),,herbivorous,2D,ibi,Rissoidae,family,Minute Sea snails,,invertebrate,walking,,,-999,-999.0,-999,-999,0.003,-999,Dictyopteris polypodioides,species,,,primary producer,sessile,,,-999,-999.0,-999,-999,0.000228,-999,Portugal,-9.340603,39.286564,marine,Intertidal rocky pools,-999.0,-999.0,,,,,L1P2,13.157894736842104
210049,Mendonca et al. (2018),,herbivorous,2D,ibi,Tanaidacea,,,,invertebrate,walking,,,-999,-999.0,-999,-999,0.01,-999,Dictyopteris polypodioides,species,,,primary producer,sessile,,,-999,-999.0,-999,-999,0.000228,-999,Portugal,-9.340603,39.286564,marine,Intertidal rocky pools,-999.0,-999.0,,,,,L1P2,43.859649122807014
210050,Mendonca et al. (2018),,herbivorous,2D,ibi,Ampithoidae,family,,,invertebrate,swimming,,,-999,-999.0,-999,-999,0.01,-999,Dictyopteris polypodioides,species,,,primary producer,sessile,,,-999,-999.0,-999,-999,0.000228,-999,Portugal,-9.340603,39.286564,marine,Intertidal rocky pools,-999.0,-999.0,,,,,L1P2,43.859649122807014
210051,Mendonca et al. (2018),,predacious,2D,ibi,Lipophrys pholis,species,Shanny,,ectotherm vertebrate,swimming,,,-999,-999.0,-999,-999,2.4,-999,Anthura sp.,genus,Isopod,,invertebrate,walking,,,-999,-999.0,-999,-999,0.01,-999,Portugal,-9.340603,39.286564,marine,Intertidal rocky pools,-999.0,-999.0,,,,,L1P2,240.0
210052,Mendonca et al. (2018),,predacious,2D,ibi,Palaemon longirostris,species,,,invertebrate,swimming,,,-999,-999.0,-999,-999,0.26,-999,Anthura sp.,genus,Isopod,,invertebrate,walking,,,-999,-999.0,-999,-999,0.01,-999,Portugal,-9.340603,39.286564,marine,Intertidal rocky pools,-999.0,-999.0,,,,,L1P2,26.0
210053,Mendonca et al. (2018),,predacious,2D,ibi,Palaemon elegans,species,rock shrimp,,invertebrate,swimming,,,-999,-999.0,-999,-999,0.12,-999,Anthura sp.,genus,Isopod,,invertebrate,walking,,,-999,-999.0,-999,-999,0.01,-999,Portugal,-9.340603,39.286564,marine,Intertidal rocky pools,-999.0,-999.0,,,,,L1P2,12.0
210054,Mendonca et al. (2018),,predacious,2D,ibi,Gobius paganellus,species,Rock goby,,ectotherm vertebrate,swimming,,,-999,-999.0,-999,-999,0.3,-999,Anthura sp.,genus,Isopod,,invertebrate,walking,,,-999,-999.0,-999,-999,0.01,-999,Portugal,-9.340603,39.286564,marine,Intertidal rocky pools,-999.0,-999.0,,,,,L1P2,30.0
210055,Mendonca et al. (2018),,predacious,2D,ibi,Anemonia sulcata,species,Mediterranean snakelocks anemone,,invertebrate,sessile,,,-999,-999.0,-999,-999,0.4,-999,Anthura sp.,genus,Isopod,,invertebrate,walking,,,-999,-999.0,-999,-999,0.01,-999,Portugal,-9.340603,39.286564,marine,Intertidal rocky pools,-999.0,-999.0,,,,,L1P2,40.0
210056,Mendonca et al. (2018),,predacious,3D  ,ibi,Lipophrys pholis,species,Shanny,,ectotherm vertebrate,swimming,,,-999,-999.0,-999,-999,2.4,-999,Ampithoidae,family,,,invertebrate,swimming,,,-999,-999.0,-999,-999,0.01,-999,Portugal,-9.340603,39.286564,marine,Intertidal rocky pools,-999.0,-999.0,,,,,L1P2,240.0
210057,Mendonca et al. (2018),,predacious,3D  ,ibi,Palaemon longirostris,species,,,invertebrate,swimming,,,-999,-999.0,-999,-999,0.26,-999,Ampithoidae,family,,,invertebrate,swimming,,,-999,-999.0,-999,-999,0.01,-999,Portugal,-9.340603,39.286564,marine,Intertidal rocky pools,-999.0,-999.0,,,,,L1P2,26.0
210058,Mendonca et al. (2018),,predacious,3D  ,ibi,Palaemon elegans,species,rock shrimp,,invertebrate,swimming,,,-999,-999.0,-999,-999,0.12,-999,Ampithoidae,family,,,invertebrate,swimming,,,-999,-999.0,-999,-999,0.01,-999,Portugal,-9.340603,39.286564,marine,Intertidal rocky pools,-999.0,-999.0,,,,,L1P2,12.0
210059,Mendonca et al. (2018),,predacious,3D  ,ibi,Gobius paganellus,species,Rock goby,,ectotherm vertebrate,swimming,,,-999,-999.0,-999,-999,0.3,-999,Ampithoidae,family,,,invertebrate,swimming,,,-999,-999.0,-999,-999,0.01,-999,Portugal,-9.340603,39.286564,marine,Intertidal rocky pools,-999.0,-999.0,,,,,L1P2,30.0
210060,Mendonca et al. (2018),,predacious,3D  ,ibi,Anemonia sulcata,species,Mediterranean snakelocks anemone,,invertebrate,sessile,,,-999,-999.0,-999,-999,0.4,-999,Ampithoidae,family,,,invertebrate,swimming,,,-999,-999.0,-999,-999,0.01,-999,Portugal,-9.340603,39.286564,marine,Intertidal rocky pools,-999.0,-999.0,,,,,L1P2,40.0
210061,Mendonca et al. (2018),,predacious,3D  ,ibi,Lipophrys pholis,species,Shanny,,ectotherm vertebrate,swimming,,,-999,-999.0,-999,-999,2.4,-999,Gammaridae,family,,,invertebrate,swimming,,,-999,-999.0,-999,-999,0.001,-999,Portugal,-9.340603,39.286564,marine,Intertidal rocky pools,-999.0,-999.0,,,,,L1P2,2400.0
210062,Mendonca et al. (2018),,predacious,3D  ,ibi,Palaemon longirostris,species,,,invertebrate,swimming,,,-999,-999.0,-999,-999,0.26,-999,Gammaridae,family,,,invertebrate,swimming,,,-999,-999.0,-999,-999,0.001,-999,Portugal,-9.340603,39.286564,marine,Intertidal rocky pools,-999.0,-999.0,,,,,L1P2,260.0
210063,Mendonca et al. (2018),,predacious,3D  ,ibi,Palaemon elegans,species,rock shrimp,,invertebrate,swimming,,,-999,-999.0,-999,-999,0.12,-999,Gammaridae,family,,,invertebrate,swimming,,,-999,-999.0,-999,-999,0.001,-999,Portugal,-9.340603,39.286564,marine,Intertidal rocky pools,-999.0,-999.0,,,,,L1P2,120.0
210064,Mendonca et al. (2018),,predacious,3D  ,ibi,Gobius paganellus,species,Rock goby,,ectotherm vertebrate,swimming,,,-999,-999.0,-999,-999,0.3,-999,Gammaridae,family,,,invertebrate,swimming,,,-999,-999.0,-999,-999,0.001,-999,Portugal,-9.340603,39.286564,marine,Intertidal rocky pools,-999.0,-999.0,,,,,L1P2,300.0
210065,Mendonca et al. (2018),,predacious,3D  ,ibi,Anemonia sulcata,species,Mediterranean snakelocks anemone,,invertebrate,sessile,,,-999,-999.0,-999,-999,0.4,-999,Gammaridae,family,,,invertebrate,swimming,,,-999,-999.0,-999,-999,0.001,-999,Portugal,-9.340603,39.286564,marine,Intertidal rocky pools,-999.0,-999.0,,,,,L1P2,400.0
210066,Mendonca et al. (2018),,predacious,3D  ,ibi,Lipophrys pholis,species,Shanny,,ectotherm vertebrate,swimming,,,-999,-999.0,-999,-999,2.4,-999,Stenothoidae,family,,,invertebrate,swimming,,,-999,-999.0,-999,-999,0.01,-999,Portugal,-9.340603,39.286564,marine,Intertidal rocky pools,-999.0,-999.0,,,,,L1P2,240.0
210067,Mendonca et al. (2018),,predacious,3D  ,ibi,Palaemon longirostris,species,,,invertebrate,swimming,,,-999,-999.0,-999,-999,0.26,-999,Stenothoidae,family,,,invertebrate,swimming,,,-999,-999.0,-999,-999,0.01,-999,Portugal,-9.340603,39.286564,marine,Intertidal rocky pools,-999.0,-999.0,,,,,L1P2,26.0
210068,Mendonca et al. (2018),,predacious,3D  ,ibi,Palaemon elegans,species,rock shrimp,,invertebrate,swimming,,,-999,-999.0,-999,-999,0.12,-999,Stenothoidae,family,,,invertebrate,swimming,,,-999,-999.0,-999,-999,0.01,-999,Portugal,-9.340603,39.286564,marine,Intertidal rocky pools,-999.0,-999.0,,,,,L1P2,12.0
210069,Mendonca et al. (2018),,predacious,3D  ,ibi,Gobius paganellus,species,Rock goby,,ectotherm vertebrate,swimming,,,-999,-999.0,-999,-999,0.3,-999,Stenothoidae,family,,,invertebrate,swimming,,,-999,-999.0,-999,-999,0.01,-999,Portugal,-9.340603,39.286564,marine,Intertidal rocky pools,-999.0,-999.0,,,,,L1P2,30.0
210070,Mendonca et al. (2018),,predacious,3D  ,ibi,Anemonia sulcata,species,Mediterranean snakelocks anemone,,invertebrate,sessile,,,-999,-999.0,-999,-999,0.4,-999,Stenothoidae,family,,,invertebrate,swimming,,,-999,-999.0,-999,-999,0.01,-999,Portugal,-9.340603,39.286564,marine,Intertidal rocky pools,-999.0,-999.0,,,,,L1P2,40.0
210071,Mendonca et al. (2018),,predacious,3D  ,ibi,Palaemon longirostris,species,,,invertebrate,swimming,,,-999,-999.0,-999,-999,0.26,-999,Calliopidae,family,Painted top shell,,invertebrate,swimming,,,-999,-999.0,-999,-999,0.0035,-999,Portugal,-9.340603,39.286564,marine,Intertidal rocky pools,-999.0,-999.0,,,,,L1P2,74.28571428571429
210072,Mendonca et al. (2018),,predacious,3D  ,ibi,Palaemon elegans,species,rock shrimp,,invertebrate,swimming,,,-999,-999.0,-999,-999,0.12,-999,Calliopidae,family,Painted top shell,,invertebrate,swimming,,,-999,-999.0,-999,-999,0.0035,-999,Portugal,-9.340603,39.286564,marine,Intertidal rocky pools,-999.0,-999.0,,,,,L1P2,34.285714285714285
210073,Mendonca et al. (2018),,predacious,3D  ,ibi,Gobius paganellus,species,Rock goby,,ectotherm vertebrate,swimming,,,-999,-999.0,-999,-999,0.3,-999,Calliopidae,family,Painted top shell,,invertebrate,swimming,,,-999,-999.0,-999,-999,0.0035,-999,Portugal,-9.340603,39.286564,marine,Intertidal rocky pools,-999.0,-999.0,,,,,L1P2,85.71428571428571
210074,Mendonca et al. (2018),,predacious,3D  ,ibi,Anemonia sulcata,species,Mediterranean snakelocks anemone,,invertebrate,sessile,,,-999,-999.0,-999,-999,0.4,-999,Calliopidae,family,Painted top shell,,invertebrate,swimming,,,-999,-999.0,-999,-999,0.0035,-999,Portugal,-9.340603,39.286564,marine,Intertidal rocky pools,-999.0,-999.0,,,,,L1P2,114.28571428571428
210075,Mendonca et al. (2018),,predacious,3D  ,ibi,Palaemon longirostris,species,,,invertebrate,swimming,,,-999,-999.0,-999,-999,0.26,-999,Palaemon longirostris,species,,,invertebrate,swimming,,,-999,-999.0,-999,-999,0.26,-999,Portugal,-9.340603,39.286564,marine,Intertidal rocky pools,-999.0,-999.0,,,,,L1P2,1.0
210076,Mendonca et al. (2018),,predacious,3D  ,ibi,Gobius paganellus,species,Rock goby,,ectotherm vertebrate,swimming,,,-999,-999.0,-999,-999,0.3,-999,Palaemon longirostris,species,,,invertebrate,swimming,,,-999,-999.0,-999,-999,0.26,-999,Portugal,-9.340603,39.286564,marine,Intertidal rocky pools,-999.0,-999.0,,,,,L1P2,1.1538461538461535
210077,Mendonca et al. (2018),,predacious,3D  ,ibi,Anemonia sulcata,species,Mediterranean snakelocks anemone,,invertebrate,sessile,,,-999,-999.0,-999,-999,0.4,-999,Palaemon longirostris,species,,,invertebrate,swimming,,,-999,-999.0,-999,-999,0.26,-999,Portugal,-9.340603,39.286564,marine,Intertidal rocky pools,-999.0,-999.0,,,,,L1P2,1.5384615384615383
210078,Mendonca et al. (2018),,predacious,3D  ,ibi,Palaemon longirostris,species,,,invertebrate,swimming,,,-999,-999.0,-999,-999,0.26,-999,Palaemon elegans,species,rock shrimp,,invertebrate,swimming,,,-999,-999.0,-999,-999,0.12,-999,Portugal,-9.340603,39.286564,marine,Intertidal rocky pools,-999.0,-999.0,,,,,L1P2,2.166666666666667
210079,Mendonca et al. (2018),,predacious,3D  ,ibi,Palaemon elegans,species,rock shrimp,,invertebrate,swimming,,,-999,-999.0,-999,-999,0.12,-999,Palaemon elegans,species,rock shrimp,,invertebrate,swimming,,,-999,-999.0,-999,-999,0.12,-999,Portugal,-9.340603,39.286564,marine,Intertidal rocky pools,-999.0,-999.0,,,,,L1P2,1.0
210080,Mendonca et al. (2018),,predacious,3D  ,ibi,Gobius paganellus,species,Rock goby,,ectotherm vertebrate,swimming,,,-999,-999.0,-999,-999,0.3,-999,Palaemon elegans,species,rock shrimp,,invertebrate,swimming,,,-999,-999.0,-999,-999,0.12,-999,Portugal,-9.340603,39.286564,marine,Intertidal rocky pools,-999.0,-999.0,,,,,L1P2,2.5
210081,Mendonca et al. (2018),,predacious,3D  ,ibi,Anemonia sulcata,species,Mediterranean snakelocks anemone,,invertebrate,sessile,,,-999,-999.0,-999,-999,0.4,-999,Palaemon elegans,species,rock shrimp,,invertebrate,swimming,,,-999,-999.0,-999,-999,0.12,-999,Portugal,-9.340603,39.286564,marine,Intertidal rocky pools,-999.0,-999.0,,,,,L1P2,3.3333333333333335
210082,Mendonca et al. (2018),,herbivorous,2D,ibi,Sphaeromatidae,family,,,invertebrate,walking,,,-999,-999.0,-999,-999,0.02,-999,Ellisolandia elongata,species,,,primary producer,sessile,,,-999,-999.0,-999,-999,0.000228,-999,Portugal,-9.340603,39.286564,marine,Intertidal rocky pools,-999.0,-999.0,,,,,L1P2,87.71929824561403
210083,Mendonca et al. (2018),,herbivorous,2D,ibi,Insecta,class,,,invertebrate,swimming,,,-999,-999.0,-999,-999,0.01,-999,Ellisolandia elongata,species,,,primary producer,sessile,,,-999,-999.0,-999,-999,0.000228,-999,Portugal,-9.340603,39.286564,marine,Intertidal rocky pools,-999.0,-999.0,,,,,L1P2,43.859649122807014
210084,Mendonca et al. (2018),,herbivorous,2D,ibi,Tricolia pullus,species,,,invertebrate,walking,,,-999,-999.0,-999,-999,0.012,-999,Ellisolandia elongata,species,,,primary producer,sessile,,,-999,-999.0,-999,-999,0.000228,-999,Portugal,-9.340603,39.286564,marine,Intertidal rocky pools,-999.0,-999.0,,,,,L1P2,52.63157894736842
210085,Mendonca et al. (2018),,herbivorous,2D,ibi,Palaemon longirostris,species,,,invertebrate,swimming,,,-999,-999.0,-999,-999,0.26,-999,Ellisolandia elongata,species,,,primary producer,sessile,,,-999,-999.0,-999,-999,0.000228,-999,Portugal,-9.340603,39.286564,marine,Intertidal rocky pools,-999.0,-999.0,,,,,L1P2,1140.3508771929824
210086,Mendonca et al. (2018),,herbivorous,2D,ibi,Omalogyra atomus,species,,,invertebrate,walking,,,-999,-999.0,-999,-999,0.0008,-999,Ellisolandia elongata,species,,,primary producer,sessile,,,-999,-999.0,-999,-999,0.000228,-999,Portugal,-9.340603,39.286564,marine,Intertidal rocky pools,-999.0,-999.0,,,,,L1P2,3.508771929824561
210087,Mendonca et al. (2018),,herbivorous,2D,ibi,Gammaridae,family,,,invertebrate,swimming,,,-999,-999.0,-999,-999,0.001,-999,Ellisolandia elongata,species,,,primary producer,sessile,,,-999,-999.0,-999,-999,0.000228,-999,Portugal,-9.340603,39.286564,marine,Intertidal rocky pools,-999.0,-999.0,,,,,L1P2,4.385964912280701
210088,Mendonca et al. (2018),,herbivorous,2D,ibi,Stenothoidae,family,,,invertebrate,swimming,,,-999,-999.0,-999,-999,0.01,-999,Ellisolandia elongata,species,,,primary producer,sessile,,,-999,-999.0,-999,-999,0.000228,-999,Portugal,-9.340603,39.286564,marine,Intertidal rocky pools,-999.0,-999.0,,,,,L1P2,43.859649122807014
210089,Mendonca et al. (2018),,herbivorous,2D,ibi,Barleeia sp.,genus,Rissoid Snails,,invertebrate,walking,,,-999,-999.0,-999,-999,0.005,-999,Ellisolandia elongata,species,,,primary producer,sessile,,,-999,-999.0,-999,-999,0.000228,-999,Portugal,-9.340603,39.286564,marine,Intertidal rocky pools,-999.0,-999.0,,,,,L1P2,21.929824561403507
210090,Mendonca et al. (2018),,herbivorous,2D,ibi,Lipophrys pholis,species,Shanny,,ectotherm vertebrate,swimming,,,-999,-999.0,-999,-999,2.4,-999,Ellisolandia elongata,species,,,primary producer,sessile,,,-999,-999.0,-999,-999,0.000228,-999,Portugal,-9.340603,39.286564,marine,Intertidal rocky pools,-999.0,-999.0,,,,,L1P2,10526.315789473683
210091,Mendonca et al. (2018),,herbivorous,2D,ibi,Ophiuroidea,class,Brittle stars,,invertebrate,walking,,,-999,-999.0,-999,-999,0.06,-999,Ellisolandia elongata,species,,,primary producer,sessile,,,-999,-999.0,-999,-999,0.000228,-999,Portugal,-9.340603,39.286564,marine,Intertidal rocky pools,-999.0,-999.0,,,,,L1P2,263.1578947368421
210092,Mendonca et al. (2018),,herbivorous,2D,ibi,Acanthochitona crinita,species,Petit chiton,,invertebrate,walking,,,-999,-999.0,-999,-999,0.07,-999,Ellisolandia elongata,species,,,primary producer,sessile,,,-999,-999.0,-999,-999,0.000228,-999,Portugal,-9.340603,39.286564,marine,Intertidal rocky pools,-999.0,-999.0,,,,,L1P2,307.01754385964915
210093,Mendonca et al. (2018),,herbivorous,2D,ibi,Calliopidae,family,Painted top shell,,invertebrate,swimming,,,-999,-999.0,-999,-999,0.0035,-999,Ellisolandia elongata,species,,,primary producer,sessile,,,-999,-999.0,-999,-999,0.000228,-999,Portugal,-9.340603,39.286564,marine,Intertidal rocky pools,-999.0,-999.0,,,,,L1P2,15.350877192982455
210094,Mendonca et al. (2018),,herbivorous,2D,ibi,Palaemon elegans,species,rock shrimp,,invertebrate,swimming,,,-999,-999.0,-999,-999,0.12,-999,Ellisolandia elongata,species,,,primary producer,sessile,,,-999,-999.0,-999,-999,0.000228,-999,Portugal,-9.340603,39.286564,marine,Intertidal rocky pools,-999.0,-999.0,,,,,L1P2,526.3157894736842
210095,Mendonca et al. (2018),,herbivorous,2D,ibi,Maja squinado,species,European Spider Crab,,invertebrate,walking,,,-999,-999.0,-999,-999,0.61,-999,Ellisolandia elongata,species,,,primary producer,sessile,,,-999,-999.0,-999,-999,0.000228,-999,Portugal,-9.340603,39.286564,marine,Intertidal rocky pools,-999.0,-999.0,,,,,L1P2,2675.438596491228
210096,Mendonca et al. (2018),,herbivorous,2D,ibi,Gobius paganellus,species,Rock goby,,ectotherm vertebrate,swimming,,,-999,-999.0,-999,-999,0.3,-999,Ellisolandia elongata,species,,,primary producer,sessile,,,-999,-999.0,-999,-999,0.000228,-999,Portugal,-9.340603,39.286564,marine,Intertidal rocky pools,-999.0,-999.0,,,,,L1P2,1315.7894736842104
210097,Mendonca et al. (2018),,herbivorous,2D,ibi,Patella ulyssiponensis,species,True limpets,,invertebrate,walking,,,-999,-999.0,-999,-999,0.0012,-999,Ellisolandia elongata,species,,,primary producer,sessile,,,-999,-999.0,-999,-999,0.000228,-999,Portugal,-9.340603,39.286564,marine,Intertidal rocky pools,-999.0,-999.0,,,,,L1P2,5.263157894736842
210098,Mendonca et al. (2018),,herbivorous,2D,ibi,Gibbula umbilicalis,species,,,invertebrate,walking,,,-999,-999.0,-999,-999,0.09,-999,Ellisolandia elongata,species,,,primary producer,sessile,,,-999,-999.0,-999,-999,0.000228,-999,Portugal,-9.340603,39.286564,marine,Intertidal rocky pools,-999.0,-999.0,,,,,L1P2,394.7368421052631
210099,Mendonca et al. (2018),,herbivorous,2D,ibi,Rissoidae,family,Minute Sea snails,,invertebrate,walking,,,-999,-999.0,-999,-999,0.003,-999,Ellisolandia elongata,species,,,primary producer,sessile,,,-999,-999.0,-999,-999,0.000228,-999,Portugal,-9.340603,39.286564,marine,Intertidal rocky pools,-999.0,-999.0,,,,,L1P2,13.157894736842104
210100,Mendonca et al. (2018),,herbivorous,2D,ibi,Tanaidacea,,,,invertebrate,walking,,,-999,-999.0,-999,-999,0.01,-999,Ellisolandia elongata,species,,,primary producer,sessile,,,-999,-999.0,-999,-999,0.000228,-999,Portugal,-9.340603,39.286564,marine,Intertidal rocky pools,-999.0,-999.0,,,,,L1P2,43.859649122807014
210101,Mendonca et al. (2018),,herbivorous,2D,ibi,Ampithoidae,family,,,invertebrate,swimming,,,-999,-999.0,-999,-999,0.01,-999,Ellisolandia elongata,species,,,primary producer,sessile,,,-999,-999.0,-999,-999,0.000228,-999,Portugal,-9.340603,39.286564,marine,Intertidal rocky pools,-999.0,-999.0,,,,,L1P2,43.859649122807014
210102,Mendonca et al. (2018),,predacious,2D,ibi,Maja squinado,species,European Spider Crab,,invertebrate,walking,,,-999,-999.0,-999,-999,0.61,-999,Maja squinado,species,European Spider Crab,,invertebrate,walking,,,-999,-999.0,-999,-999,0.61,-999,Portugal,-9.340603,39.286564,marine,Intertidal rocky pools,-999.0,-999.0,,,,,L1P2,1.0
210103,Mendonca et al. (2018),,predacious,2D,ibi,Anemonia sulcata,species,Mediterranean snakelocks anemone,,invertebrate,sessile,,,-999,-999.0,-999,-999,0.4,-999,Maja squinado,species,European Spider Crab,,invertebrate,walking,,,-999,-999.0,-999,-999,0.61,-999,Portugal,-9.340603,39.286564,marine,Intertidal rocky pools,-999.0,-999.0,,,,,L1P2,0.6557377049180328
