species1,species2,similarity
"""Lipophrys pholis""","""Tanaidacea""",0.9934684038162231
"""Lipophrys pholis""","""Gammaridae""",0.9931825995445251
"""Lipophrys pholis""","""Tricolia pullus""",0.9930981397628784
"""Lipophrys pholis""","""Nucella sp.""",0.9928252696990967
"""Lipophrys pholis""","""Acanthochitona crinita""",0.9852902889251709
"""Lipophrys pholis""","""Polychaeta""",0.9852692484855652
"""Lipophrys pholis""","""Lipophrys trigloides""",0.9831485748291016
"""Lipophrys pholis""","""Rissoidae""",0.9828908443450928
"""Lipophrys pholis""","""Leptochiton algesirensis""",0.978630542755127
"""Lipophrys pholis""","""Barleeia sp.""",0.9777015447616577
"""Lipophrys trigloides""","""Rissoidae""",0.994951605796814
"""Lipophrys trigloides""","""Gobius paganellus""",0.9947842359542847
"""Lipophrys trigloides""","""Barleeia sp.""",0.9925457239151001
"""Lipophrys trigloides""","""Leptochiton algesirensis""",0.9919883012771606
"""Lipophrys trigloides""","""Acanthochitona crinita""",0.9907510280609131
"""Lipophrys trigloides""","""Ophiuroidea""",0.9902617931365967
"""Lipophrys trigloides""","""Porcellana platycheles""",0.9892855882644653
"""Lipophrys trigloides""","""Tanaidacea""",0.9868019223213196
"""Lipophrys trigloides""","""Gammaridae""",0.9864249229431152
"""Lipophrys trigloides""","""Lepidochitona cinerea""",0.9847971796989441
"""Gobius paganellus""","""Porcellana platycheles""",0.9974602460861206
"""Gobius paganellus""","""Barleeia sp.""",0.9950027465820312
"""Gobius paganellus""","""Lipophrys trigloides""",0.9947842359542847
"""Gobius paganellus""","""Ophiuroidea""",0.9920858144760132
"""Gobius paganellus""","""Sphaeromatidae""",0.9904577136039734
"""Gobius paganellus""","""Leptochiton algesirensis""",0.9886617660522461
"""Gobius paganellus""","""Lepidochitona cinerea""",0.9876234531402588
"""Gobius paganellus""","""Rissoidae""",0.987602710723877
"""Gobius paganellus""","""Acanthochitona crinita""",0.9871329665184021
"""Gobius paganellus""","""Polychaeta""",0.9799786806106567
"""Polychaeta""","""Balanus sp.""",0.9805465936660767
"""Polychaeta""","""Insecta""",0.9701619148254395
"""Polychaeta""","""Palaemon longirostris""",0.9701310396194458
"""Polychaeta""","""Chthamalus sp.""",0.9694318771362305
"""Polychaeta""","""Diplodus sargus sargus""",0.955187201499939
"""Polychaeta""","""Nassariidae""",0.945942759513855
"""Polychaeta""","""Chiton olivaceus""",0.9405558109283447
"""Polychaeta""","""Lepidochitona cinerea""",0.9152003526687622
"""Polychaeta""","""Sphaeromatidae""",0.9140494465827942
"""Polychaeta""","""Leptochiton algesirensis""",0.9127510786056519
"""Nassariidae""","""Insecta""",0.9936615824699402
"""Nassariidae""","""Leptochiton algesirensis""",0.9867241382598877
"""Nassariidae""","""Chthamalus sp.""",0.9864927530288696
"""Nassariidae""","""Balanus sp.""",0.9853878021240234
"""Nassariidae""","""Diplodus sargus sargus""",0.9822709560394287
"""Nassariidae""","""Barleeia sp.""",0.9817990064620972
"""Nassariidae""","""Lepidochitona cinerea""",0.9808570742607117
"""Nassariidae""","""Ophiuroidea""",0.9802733063697815
"""Nassariidae""","""Gammaridae""",0.9785804748535156
"""Nassariidae""","""Lipophrys trigloides""",0.9785363674163818
"""Diplodus sargus sargus""","""Palaemon longirostris""",0.9924623966217041
"""Diplodus sargus sargus""","""Sphaeromatidae""",0.9871832132339478
"""Diplodus sargus sargus""","""Balanus sp.""",0.9869647026062012
"""Diplodus sargus sargus""","""Lepidochitona cinerea""",0.9852777719497681
"""Diplodus sargus sargus""","""Ophiuroidea""",0.9841967821121216
"""Diplodus sargus sargus""","""Nassariidae""",0.9822709560394287
"""Diplodus sargus sargus""","""Leptochiton algesirensis""",0.9809470176696777
"""Diplodus sargus sargus""","""Chthamalus sp.""",0.9804837107658386
"""Diplodus sargus sargus""","""Insecta""",0.9801462888717651
"""Diplodus sargus sargus""","""Chiton olivaceus""",0.9788910150527954
"""Palaemon longirostris""","""Diplodus sargus sargus""",0.9924623966217041
"""Palaemon longirostris""","""Chthamalus sp.""",0.9886460304260254
"""Palaemon longirostris""","""Balanus sp.""",0.9844575524330139
"""Palaemon longirostris""","""Insecta""",0.9801548719406128
"""Palaemon longirostris""","""Ophiuroidea""",0.978083074092865
"""Palaemon longirostris""","""Asparagopsis armata""",0.9769192934036255
"""Palaemon longirostris""","""Sphaeromatidae""",0.975446343421936
"""Palaemon longirostris""","""Nassariidae""",0.9746727347373962
"""Palaemon longirostris""","""Chiton olivaceus""",0.9722558259963989
"""Palaemon longirostris""","""Polychaeta""",0.9701310396194458
"""Palaemon elegans""","""Gibbula umbilicalis""",0.9767480492591858
"""Palaemon elegans""","""Porcellana platycheles""",0.9699480533599854
"""Palaemon elegans""","""Acanthochitona crinita""",0.9697502851486206
"""Palaemon elegans""","""Palaemon longirostris""",0.9695934057235718
"""Palaemon elegans""","""Gobius paganellus""",0.9685029983520508
"""Palaemon elegans""","""Diplodus sargus sargus""",0.9645664691925049
"""Palaemon elegans""","""Barleeia sp.""",0.9617215394973755
"""Palaemon elegans""","""Gibbula umbilicalis""",0.961029589176178
"""Palaemon elegans""","""Gobius paganellus""",0.9591197967529297
"""Palaemon elegans""","""Leptochiton algesirensis""",0.9590450525283813
"""Zooplankton""","""Porifera""",0.9983533620834351
"""Zooplankton""","""Musculus costulatus""",0.9974711537361145
"""Zooplankton""","""Chthamalus sp.""",0.9959219098091125
"""Zooplankton""","""Ectoprocta""",0.9955154657363892
"""Zooplankton""","""Mytilus galloprovincialis""",0.9952447414398193
"""Zooplankton""","""Balanus sp.""",0.9931941628456116
"""Zooplankton""","""Botryllus schlosseri""",0.992412269115448
"""Zooplankton""","""Oligochaeta""",0.990019679069519
"""Zooplankton""","""Nematoda""",0.9892501831054688
"""Zooplankton""","""Petricolinae""",0.9849045872688293
"""Balanus sp.""","""Chthamalus sp.""",0.9977200031280518
"""Balanus sp.""","""Nematoda""",0.9974591732025146
"""Balanus sp.""","""Botryllus schlosseri""",0.997078537940979
"""Balanus sp.""","""Ectoprocta""",0.9967473149299622
"""Balanus sp.""","""Musculus costulatus""",0.9959394931793213
"""Balanus sp.""","""Mytilus galloprovincialis""",0.9957639575004578
"""Balanus sp.""","""Petricolinae""",0.9955242872238159
"""Balanus sp.""","""Oligochaeta""",0.9932331442832947
"""Balanus sp.""","""Zooplankton""",0.9931941628456116
"""Balanus sp.""","""Zooplankton""",0.9901752471923828
"""Porifera""","""Zooplankton""",0.9983533620834351
"""Porifera""","""Musculus costulatus""",0.995213508605957
"""Porifera""","""Mytilus galloprovincialis""",0.9920321106910706
"""Porifera""","""Chthamalus sp.""",0.9911963939666748
"""Porifera""","""Botryllus schlosseri""",0.9910969734191895
"""Porifera""","""Ectoprocta""",0.9910337924957275
"""Porifera""","""Oligochaeta""",0.9896966218948364
"""Porifera""","""Balanus sp.""",0.9888420104980469
"""Porifera""","""Nematoda""",0.9870491623878479
"""Porifera""","""Actinothoe sphyrodeta""",0.9822587966918945
"""Ectoprocta""","""Musculus costulatus""",0.997717022895813
"""Ectoprocta""","""Mytilus galloprovincialis""",0.9971306324005127
"""Ectoprocta""","""Balanus sp.""",0.9967473149299622
"""Ectoprocta""","""Chthamalus sp.""",0.9962924122810364
"""Ectoprocta""","""Botryllus schlosseri""",0.9960736036300659
"""Ectoprocta""","""Zooplankton""",0.9955154657363892
"""Ectoprocta""","""Nematoda""",0.9931726455688477
"""Ectoprocta""","""Porifera""",0.9910337924957275
"""Ectoprocta""","""PhytoP""",0.9903319478034973
"""Ectoprocta""","""Petricolinae""",0.9890841245651245
"""Gammaridae""","""Lophozozymus incisus""",0.9920175075531006
"""Gammaridae""","""Insecta""",0.9867755174636841
"""Gammaridae""","""Lithophyllum sp.""",0.9839810729026794
"""Gammaridae""","""Tanaidacea""",0.9830526113510132
"""Gammaridae""","""Aplysia punctata""",0.9803541898727417
"""Gammaridae""","""Acanthochitona crinita""",0.9787498116493225
"""Gammaridae""","""Tricolia pullus""",0.9781942963600159
"""Gammaridae""","""Onchidella celtica""",0.973129391670227
"""Gammaridae""","""Porcellana platycheles""",0.9715466499328613
"""Gammaridae""","""Gelidium corneum""",0.9701659083366394
"""Ophiuroidea""","""Lepidochitona cinerea""",0.9882634878158569
"""Ophiuroidea""","""Ulva lactuca""",0.9876312017440796
"""Ophiuroidea""","""Colpomenia peregrina""",0.9859539270401001
"""Ophiuroidea""","""Dictyopteris polypodioides""",0.982907772064209
"""Ophiuroidea""","""Aplysia punctata""",0.9826108813285828
"""Ophiuroidea""","""Ellisolandia elongata""",0.9822497963905334
"""Ophiuroidea""","""Tricolia pullus""",0.9817261099815369
"""Ophiuroidea""","""Rissoidae""",0.9813138842582703
"""Ophiuroidea""","""Tanaidacea""",0.9808127880096436
"""Ophiuroidea""","""Acanthochitona crinita""",0.9794918298721313
"""Botryllus schlosseri""","""Nematoda""",0.9982905387878418
"""Botryllus schlosseri""","""Balanus sp.""",0.997078537940979
"""Botryllus schlosseri""","""Musculus costulatus""",0.9967042207717896
"""Botryllus schlosseri""","""Ectoprocta""",0.9960736036300659
"""Botryllus schlosseri""","""Mytilus galloprovincialis""",0.996051549911499
"""Botryllus schlosseri""","""Chthamalus sp.""",0.9930517673492432
"""Botryllus schlosseri""","""Zooplankton""",0.992412269115448
"""Botryllus schlosseri""","""Oligochaeta""",0.9923532009124756
"""Botryllus schlosseri""","""Petricolinae""",0.9920389652252197
"""Botryllus schlosseri""","""Porifera""",0.9910969734191895
"""Musculus costulatus""","""Mytilus galloprovincialis""",0.9990983009338379
"""Musculus costulatus""","""Ectoprocta""",0.997717022895813
"""Musculus costulatus""","""Zooplankton""",0.9974711537361145
"""Musculus costulatus""","""Botryllus schlosseri""",0.9967042207717896
"""Musculus costulatus""","""Balanus sp.""",0.9959394931793213
"""Musculus costulatus""","""Porifera""",0.995213508605957
"""Musculus costulatus""","""Nematoda""",0.9946434497833252
"""Musculus costulatus""","""Chthamalus sp.""",0.9946203231811523
"""Musculus costulatus""","""Oligochaeta""",0.9881429672241211
"""Musculus costulatus""","""PhytoP""",0.9860906600952148
"""Mytilus galloprovincialis""","""Musculus costulatus""",0.9990983009338379
"""Mytilus galloprovincialis""","""Ectoprocta""",0.9971306324005127
"""Mytilus galloprovincialis""","""Botryllus schlosseri""",0.996051549911499
"""Mytilus galloprovincialis""","""Balanus sp.""",0.9957639575004578
"""Mytilus galloprovincialis""","""Nematoda""",0.9954140782356262
"""Mytilus galloprovincialis""","""Zooplankton""",0.9952447414398193
"""Mytilus galloprovincialis""","""Chthamalus sp.""",0.9935572147369385
"""Mytilus galloprovincialis""","""Porifera""",0.9920321106910706
"""Mytilus galloprovincialis""","""PhytoP""",0.9887486696243286
"""Mytilus galloprovincialis""","""Oligochaeta""",0.98578280210495
"""Tricolia pullus""","""Aplysia punctata""",0.9988489151000977
"""Tricolia pullus""","""Acanthochitona crinita""",0.9967185258865356
"""Tricolia pullus""","""Lepidochitona cinerea""",0.9966349601745605
"""Tricolia pullus""","""Gelidium corneum""",0.9964078664779663
"""Tricolia pullus""","""Paracentrotus lividus""",0.9960927367210388
"""Tricolia pullus""","""Ulva lactuca""",0.9955317974090576
"""Tricolia pullus""","""Dictyota dichotoma""",0.9944740533828735
"""Tricolia pullus""","""Lithophyllum sp.""",0.9942874908447266
"""Tricolia pullus""","""Sphacelaria cirrosa""",0.9940850734710693
"""Tricolia pullus""","""Chiton olivaceus""",0.9925575256347656
"""Chthamalus sp.""","""Balanus sp.""",0.9977200031280518
"""Chthamalus sp.""","""Ectoprocta""",0.9962924122810364
"""Chthamalus sp.""","""Zooplankton""",0.9959219098091125
"""Chthamalus sp.""","""Musculus costulatus""",0.9946203231811523
"""Chthamalus sp.""","""Petricolinae""",0.9945563077926636
"""Chthamalus sp.""","""Oligochaeta""",0.9943673014640808
"""Chthamalus sp.""","""Mytilus galloprovincialis""",0.9935572147369385
"""Chthamalus sp.""","""Botryllus schlosseri""",0.9930517673492432
"""Chthamalus sp.""","""Nematoda""",0.9926882982254028
"""Chthamalus sp.""","""Porifera""",0.9911963939666748
"""Insecta""","""Acanthochitona crinita""",0.994409441947937
"""Insecta""","""Aplysia punctata""",0.9915755987167358
"""Insecta""","""Tricolia pullus""",0.9901441335678101
"""Insecta""","""Dictyopteris polypodioides""",0.9896625280380249
"""Insecta""","""Lithophyllum sp.""",0.9870896339416504
"""Insecta""","""Gammaridae""",0.9867755174636841
"""Insecta""","""Paracentrotus lividus""",0.9865095615386963
"""Insecta""","""Ulva lactuca""",0.9857398271560669
"""Insecta""","""Lophozozymus incisus""",0.9838279485702515
"""Insecta""","""Onchidella celtica""",0.9834211468696594
"""Actinothoe sphyrodeta""","""Zooplankton""",0.9956252574920654
"""Actinothoe sphyrodeta""","""Oligochaeta""",0.9952231049537659
"""Actinothoe sphyrodeta""","""Petricolinae""",0.9938992261886597
"""Actinothoe sphyrodeta""","""Nematoda""",0.9925171732902527
"""Actinothoe sphyrodeta""","""Balanus sp.""",0.9894660711288452
"""Actinothoe sphyrodeta""","""Botryllus schlosseri""",0.9890618324279785
"""Actinothoe sphyrodeta""","""Chthamalus sp.""",0.9866842031478882
"""Actinothoe sphyrodeta""","""Porifera""",0.9822587966918945
"""Actinothoe sphyrodeta""","""Musculus costulatus""",0.9821988344192505
"""Actinothoe sphyrodeta""","""Mytilus galloprovincialis""",0.9814274311065674
"""Nematoda""","""Botryllus schlosseri""",0.9982905387878418
"""Nematoda""","""Balanus sp.""",0.9974591732025146
"""Nematoda""","""Mytilus galloprovincialis""",0.9954140782356262
"""Nematoda""","""Musculus costulatus""",0.9946434497833252
"""Nematoda""","""Petricolinae""",0.9934821128845215
"""Nematoda""","""Ectoprocta""",0.9931726455688477
"""Nematoda""","""Chthamalus sp.""",0.9926882982254028
"""Nematoda""","""Actinothoe sphyrodeta""",0.9925171732902527
"""Nematoda""","""Oligochaeta""",0.9918493032455444
"""Nematoda""","""Zooplankton""",0.9917894005775452
"""Oligochaeta""","""Petricolinae""",0.9970903396606445
"""Oligochaeta""","""Actinothoe sphyrodeta""",0.9952231049537659
"""Oligochaeta""","""Zooplankton""",0.994829535484314
"""Oligochaeta""","""Chthamalus sp.""",0.9943673014640808
"""Oligochaeta""","""Balanus sp.""",0.9932331442832947
"""Oligochaeta""","""Botryllus schlosseri""",0.9923532009124756
"""Oligochaeta""","""Nematoda""",0.9918493032455444
"""Oligochaeta""","""Zooplankton""",0.990019679069519
"""Oligochaeta""","""Porifera""",0.9896966218948364
"""Oligochaeta""","""Ectoprocta""",0.988615095615387
"""Petricolinae""","""Zooplankton""",0.9971593618392944
"""Petricolinae""","""Oligochaeta""",0.9970903396606445
"""Petricolinae""","""Balanus sp.""",0.9955242872238159
"""Petricolinae""","""Chthamalus sp.""",0.9945563077926636
"""Petricolinae""","""Actinothoe sphyrodeta""",0.9938992261886597
"""Petricolinae""","""Nematoda""",0.9934821128845215
"""Petricolinae""","""Botryllus schlosseri""",0.9920389652252197
"""Petricolinae""","""Ectoprocta""",0.9890841245651245
"""Petricolinae""","""Musculus costulatus""",0.9860624074935913
"""Petricolinae""","""Mytilus galloprovincialis""",0.9853798747062683
"""Porcellana platycheles""","""Lophozozymus incisus""",0.9803011417388916
"""Porcellana platycheles""","""Mytilus galloprovincialis""",0.9784260988235474
"""Porcellana platycheles""","""Tanaidacea""",0.972480058670044
"""Porcellana platycheles""","""Gammaridae""",0.9715466499328613
"""Porcellana platycheles""","""Gelidium corneum""",0.9714078307151794
"""Porcellana platycheles""","""Cladophora rupestris""",0.9708704352378845
"""Porcellana platycheles""","""Lithophyllum sp.""",0.9703166484832764
"""Porcellana platycheles""","""Aplysia punctata""",0.9697462320327759
"""Porcellana platycheles""","""Ellisolandia elongata""",0.9678404331207275
"""Porcellana platycheles""","""Acanthochitona crinita""",0.9676675796508789
"""Tanaidacea""","""Asparagopsis armata""",0.9890691637992859
"""Tanaidacea""","""Ellisolandia elongata""",0.9886728525161743
"""Tanaidacea""","""Lithophyllum sp.""",0.9881995916366577
"""Tanaidacea""","""Aplysia punctata""",0.9867419600486755
"""Tanaidacea""","""Lepidochitona cinerea""",0.9851471185684204
"""Tanaidacea""","""Tricolia pullus""",0.984896183013916
"""Tanaidacea""","""Lophozozymus incisus""",0.9838933348655701
"""Tanaidacea""","""Gelidium corneum""",0.9834696650505066
"""Tanaidacea""","""Gammaridae""",0.9830526113510132
"""Tanaidacea""","""Ophiuroidea""",0.9808127880096436
"""Pantopoda""","""Saccorhiza polyschides""",0.9839019775390625
"""Pantopoda""","""Polychaeta""",0.9818841218948364
"""Pantopoda""","""Cystoseira sp.""",0.9788160920143127
"""Pantopoda""","""Dictyota dichotoma""",0.975502610206604
"""Pantopoda""","""Onchidella celtica""",0.9745399951934814
"""Pantopoda""","""Gelidium corneum""",0.9730802774429321
"""Pantopoda""","""Lipophrys pholis""",0.972806453704834
"""Pantopoda""","""Sphacelaria cirrosa""",0.9693552255630493
"""Pantopoda""","""Sphaeromatidae""",0.9673103094100952
"""Pantopoda""","""Ellisolandia elongata""",0.9656671285629272
"""Paracentrotus lividus""","""Chiton olivaceus""",0.9976078271865845
"""Paracentrotus lividus""","""Tricolia pullus""",0.9960927367210388
"""Paracentrotus lividus""","""Dictyota dichotoma""",0.9956193566322327
"""Paracentrotus lividus""","""Sphacelaria cirrosa""",0.9955706596374512
"""Paracentrotus lividus""","""Acanthochitona crinita""",0.9948715567588806
"""Paracentrotus lividus""","""Aplysia punctata""",0.9944239854812622
"""Paracentrotus lividus""","""Gelidium corneum""",0.9936865568161011
"""Paracentrotus lividus""","""Sphaeromatidae""",0.9930232763290405
"""Paracentrotus lividus""","""Lepidochitona cinerea""",0.9923182725906372
"""Paracentrotus lividus""","""Ulva lactuca""",0.9919991493225098
"""Acanthochitona crinita""","""Aplysia punctata""",0.9982703924179077
"""Acanthochitona crinita""","""Tricolia pullus""",0.9967185258865356
"""Acanthochitona crinita""","""Gelidium corneum""",0.9949477910995483
"""Acanthochitona crinita""","""Paracentrotus lividus""",0.9948715567588806
"""Acanthochitona crinita""","""Insecta""",0.994409441947937
"""Acanthochitona crinita""","""Sphaeromatidae""",0.9938586354255676
"""Acanthochitona crinita""","""Cladophora rupestris""",0.9929012060165405
"""Acanthochitona crinita""","""Chiton olivaceus""",0.9928003549575806
"""Acanthochitona crinita""","""Lepidochitona cinerea""",0.9927945733070374
"""Acanthochitona crinita""","""Sphacelaria cirrosa""",0.9926576614379883
"""Lepidochitona cinerea""","""Rissoidae""",0.9974672794342041
"""Lepidochitona cinerea""","""Tricolia pullus""",0.9966349601745605
"""Lepidochitona cinerea""","""Aplysia punctata""",0.9961972236633301
"""Lepidochitona cinerea""","""Gelidium corneum""",0.995720624923706
"""Lepidochitona cinerea""","""Bifurcaria bifurcata""",0.9955968260765076
"""Lepidochitona cinerea""","""Ellisolandia elongata""",0.9951122999191284
"""Lepidochitona cinerea""","""Ulva lactuca""",0.9949673414230347
"""Lepidochitona cinerea""","""Sphacelaria cirrosa""",0.994538426399231
"""Lepidochitona cinerea""","""Cladophora rupestris""",0.9934816360473633
"""Lepidochitona cinerea""","""Acanthochitona crinita""",0.9927945733070374
"""Chiton olivaceus""","""Paracentrotus lividus""",0.9976078271865845
"""Chiton olivaceus""","""Dictyota dichotoma""",0.9955817461013794
"""Chiton olivaceus""","""Sphacelaria cirrosa""",0.9940158724784851
"""Chiton olivaceus""","""Acanthochitona crinita""",0.9928003549575806
"""Chiton olivaceus""","""Tricolia pullus""",0.9925575256347656
"""Chiton olivaceus""","""Aplysia punctata""",0.9910262227058411
"""Chiton olivaceus""","""Sphaeromatidae""",0.9905902147293091
"""Chiton olivaceus""","""Gelidium corneum""",0.9905451536178589
"""Chiton olivaceus""","""Onchidella celtica""",0.9902058839797974
"""Chiton olivaceus""","""Cladophora rupestris""",0.9873825311660767
"""Leptochiton algesirensis""","""Gibbula umbilicalis""",0.9973642826080322
"""Leptochiton algesirensis""","""Colpomenia peregrina""",0.9958368539810181
"""Leptochiton algesirensis""","""Barleeia sp.""",0.9873132705688477
"""Leptochiton algesirensis""","""Ellisolandia elongata""",0.9835023880004883
"""Leptochiton algesirensis""","""Sphaeromatidae""",0.9824672341346741
"""Leptochiton algesirensis""","""Rissoidae""",0.9809366464614868
"""Leptochiton algesirensis""","""Lepidochitona cinerea""",0.9791802167892456
"""Leptochiton algesirensis""","""Bifurcaria bifurcata""",0.9783951044082642
"""Leptochiton algesirensis""","""Dictyopteris polypodioides""",0.9782452583312988
"""Leptochiton algesirensis""","""Cystoseira sp.""",0.9769997596740723
"""Gibbula umbilicalis""","""Leptochiton algesirensis""",0.9973642826080322
"""Gibbula umbilicalis""","""Colpomenia peregrina""",0.9903567433357239
"""Gibbula umbilicalis""","""Barleeia sp.""",0.9899413585662842
"""Gibbula umbilicalis""","""Sphaeromatidae""",0.984283447265625
"""Gibbula umbilicalis""","""Rissoidae""",0.9841855764389038
"""Gibbula umbilicalis""","""Ellisolandia elongata""",0.9817007780075073
"""Gibbula umbilicalis""","""Bifurcaria bifurcata""",0.980699896812439
"""Gibbula umbilicalis""","""Lepidochitona cinerea""",0.9794255495071411
"""Gibbula umbilicalis""","""Sphacelaria cirrosa""",0.9769402742385864
"""Gibbula umbilicalis""","""Cladophora rupestris""",0.9765771627426147
"""Rissoidae""","""Lepidochitona cinerea""",0.9974672794342041
"""Rissoidae""","""Bifurcaria bifurcata""",0.9970024824142456
"""Rissoidae""","""Sphacelaria cirrosa""",0.995445728302002
"""Rissoidae""","""Cladophora rupestris""",0.9954185485839844
"""Rissoidae""","""Gelidium corneum""",0.9946737885475159
"""Rissoidae""","""Ellisolandia elongata""",0.9936907291412354
"""Rissoidae""","""Barleeia sp.""",0.9933281540870667
"""Rissoidae""","""Sphaeromatidae""",0.9926488399505615
"""Rissoidae""","""Tricolia pullus""",0.9924973249435425
"""Rissoidae""","""Aplysia punctata""",0.9924190044403076
"""Barleeia sp.""","""Sphaeromatidae""",0.9941731095314026
"""Barleeia sp.""","""Rissoidae""",0.9933281540870667
"""Barleeia sp.""","""Sphacelaria cirrosa""",0.992487907409668
"""Barleeia sp.""","""Lepidochitona cinerea""",0.9911746978759766
"""Barleeia sp.""","""Gibbula umbilicalis""",0.9899413585662842
"""Barleeia sp.""","""Bifurcaria bifurcata""",0.9894717931747437
"""Barleeia sp.""","""Cladophora rupestris""",0.9893742799758911
"""Barleeia sp.""","""Paracentrotus lividus""",0.9880489110946655
"""Barleeia sp.""","""Leptochiton algesirensis""",0.9873132705688477
"""Barleeia sp.""","""Gelidium corneum""",0.9866307973861694
"""Aplysia punctata""","""Tricolia pullus""",0.9988489151000977
"""Aplysia punctata""","""Acanthochitona crinita""",0.9982703924179077
"""Aplysia punctata""","""Gelidium corneum""",0.9967367649078369
"""Aplysia punctata""","""Lepidochitona cinerea""",0.9961972236633301
"""Aplysia punctata""","""Lithophyllum sp.""",0.994537353515625
"""Aplysia punctata""","""Paracentrotus lividus""",0.9944239854812622
"""Aplysia punctata""","""Cladophora rupestris""",0.9940018653869629
"""Aplysia punctata""","""Ulva lactuca""",0.993849515914917
"""Aplysia punctata""","""Sphacelaria cirrosa""",0.9937423467636108
"""Aplysia punctata""","""Ellisolandia elongata""",0.9935917854309082
"""Onchidella celtica""","""Chiton olivaceus""",0.9902058839797974
"""Onchidella celtica""","""Dictyota dichotoma""",0.9888880848884583
"""Onchidella celtica""","""Lophozozymus incisus""",0.9888527393341064
"""Onchidella celtica""","""Paracentrotus lividus""",0.9885448217391968
"""Onchidella celtica""","""Acanthochitona crinita""",0.9884017109870911
"""Onchidella celtica""","""Aplysia punctata""",0.985641360282898
"""Onchidella celtica""","""Tricolia pullus""",0.9856055974960327
"""Onchidella celtica""","""Gelidium corneum""",0.9846279621124268
"""Onchidella celtica""","""Insecta""",0.9834211468696594
"""Onchidella celtica""","""Sphaeromatidae""",0.981845498085022
"""Sphaeromatidae""","""Barleeia sp.""",0.9941731095314026
"""Sphaeromatidae""","""Acanthochitona crinita""",0.9938586354255676
"""Sphaeromatidae""","""Sphacelaria cirrosa""",0.9937357902526855
"""Sphaeromatidae""","""Paracentrotus lividus""",0.9930232763290405
"""Sphaeromatidae""","""Rissoidae""",0.9926488399505615
"""Sphaeromatidae""","""Gelidium corneum""",0.9926339387893677
"""Sphaeromatidae""","""Lepidochitona cinerea""",0.9920058250427246
"""Sphaeromatidae""","""Aplysia punctata""",0.9915692806243896
"""Sphaeromatidae""","""Dictyota dichotoma""",0.9909770488739014
"""Sphaeromatidae""","""Tricolia pullus""",0.9907406568527222
"""Lophozozymus incisus""","""Gammaridae""",0.9920175075531006
"""Lophozozymus incisus""","""Lithophyllum sp.""",0.9892044067382812
"""Lophozozymus incisus""","""Onchidella celtica""",0.9888527393341064
"""Lophozozymus incisus""","""Aplysia punctata""",0.988509476184845
"""Lophozozymus incisus""","""Tricolia pullus""",0.9879248142242432
"""Lophozozymus incisus""","""Acanthochitona crinita""",0.985783576965332
"""Lophozozymus incisus""","""Gelidium corneum""",0.9847409725189209
"""Lophozozymus incisus""","""Tanaidacea""",0.9838933348655701
"""Lophozozymus incisus""","""Insecta""",0.9838279485702515
"""Lophozozymus incisus""","""Dictyota dichotoma""",0.982049822807312
"""Anemonia sulcata""","""Palaemon elegans""",0.99773770570755
"""Anemonia sulcata""","""Lipophrys pholis""",0.9953703880310059
"""Anemonia sulcata""","""Felimida purpureaÃ¡""",0.9943156242370605
"""Anemonia sulcata""","""Epitonium clathrus""",0.9942646622657776
"""Anemonia sulcata""","""Diaphorodoris papillata""",0.994064211845398
"""Anemonia sulcata""","""Lipophrys trigloides""",0.9938082098960876
"""Anemonia sulcata""","""Aplysia punctata""",0.9902132749557495
"""Anemonia sulcata""","""Diplodus sargus sargus""",0.9868022203445435
"""Anemonia sulcata""","""Palaemon longirostris""",0.9814444184303284
"""Anemonia sulcata""","""Gobius paganellus""",0.9807884693145752
"""Felimida purpureaÃ¡""","""Porifera""",0.9998143911361694
"""Felimida purpureaÃ¡""","""Epitonium clathrus""",0.8682727813720703
"""Felimida purpureaÃ¡""","""Actinothoe sphyrodeta""",0.8678725957870483
"""Felimida purpureaÃ¡""","""Lipophrys trigloides""",0.8200054168701172
"""Felimida purpureaÃ¡""","""Aplysia punctata""",0.8145296573638916
"""Felimida purpureaÃ¡""","""Palaemon elegans""",0.812873125076294
"""Felimida purpureaÃ¡""","""Chiton olivaceus""",0.8125755786895752
"""Felimida purpureaÃ¡""","""Lepidochitona cinerea""",0.8088151216506958
"""Felimida purpureaÃ¡""","""Petricolinae""",0.8064223527908325
"""Felimida purpureaÃ¡""","""Polychaeta""",0.8024243116378784
"""Epitonium clathrus""","""Actinothoe sphyrodeta""",0.9999643564224243
"""Epitonium clathrus""","""Felimida purpureaÃ¡""",0.8682727813720703
"""Epitonium clathrus""","""Porifera""",0.8656686544418335
"""Epitonium clathrus""","""Petricolinae""",0.8429000377655029
"""Epitonium clathrus""","""Porifera""",0.8353655338287354
"""Epitonium clathrus""","""Oligochaeta""",0.8189132213592529
"""Epitonium clathrus""","""Zooplankton""",0.8156442046165466
"""Epitonium clathrus""","""Botryllus schlosseri""",0.8116368055343628
"""Epitonium clathrus""","""Musculus costulatus""",0.8077573776245117
"""Epitonium clathrus""","""Ectoprocta""",0.8062899708747864
"""Nucella sp.""","""Musculus costulatus""",0.994238018989563
"""Nucella sp.""","""Mytilus galloprovincialis""",0.9807011485099792
"""Nucella sp.""","""Porcellana platycheles""",0.9671417474746704
"""Nucella sp.""","""Polychaeta""",0.9447965621948242
"""Nucella sp.""","""Lipophrys pholis""",0.9442286491394043
"""Nucella sp.""","""Pantopoda""",0.9375572800636292
"""Nucella sp.""","""Tricolia pullus""",0.9300142526626587
"""Nucella sp.""","""Nucella sp.""",0.9241037368774414
"""Nucella sp.""","""Gammaridae""",0.9225939512252808
"""Nucella sp.""","""Tanaidacea""",0.9218395948410034
"""Marthasterias glacialis""","""Paracentrotus lividus""",0.9959907531738281
"""Marthasterias glacialis""","""Petricolinae""",0.9936983585357666
"""Marthasterias glacialis""","""Nucella sp.""",0.896416187286377
"""Marthasterias glacialis""","""Lipophrys pholis""",0.8789070248603821
"""Marthasterias glacialis""","""Mytilus galloprovincialis""",0.8788543939590454
"""Marthasterias glacialis""","""Tricolia pullus""",0.878338098526001
"""Marthasterias glacialis""","""Pantopoda""",0.8701522946357727
"""Marthasterias glacialis""","""Gammaridae""",0.861764669418335
"""Marthasterias glacialis""","""Saccorhiza polyschides""",0.8612387180328369
"""Marthasterias glacialis""","""Tanaidacea""",0.8536384105682373
"""Balanus sp.""","""Insecta""",0.993748664855957
"""Balanus sp.""","""Chthamalus sp.""",0.9872766733169556
"""Balanus sp.""","""Diplodus sargus sargus""",0.9869647026062012
"""Balanus sp.""","""Nassariidae""",0.9853878021240234
"""Balanus sp.""","""Palaemon longirostris""",0.9844575524330139
"""Balanus sp.""","""Polychaeta""",0.9805465936660767
"""Balanus sp.""","""Leptochiton algesirensis""",0.9727720022201538
"""Balanus sp.""","""Lepidochitona cinerea""",0.9704275131225586
"""Balanus sp.""","""Chiton olivaceus""",0.9703488349914551
"""Balanus sp.""","""Sphaeromatidae""",0.9629998207092285
"""Insecta""","""Balanus sp.""",0.993748664855957
"""Insecta""","""Nassariidae""",0.9936615824699402
"""Insecta""","""Chthamalus sp.""",0.9922313094139099
"""Insecta""","""Palaemon longirostris""",0.9801548719406128
"""Insecta""","""Diplodus sargus sargus""",0.9801462888717651
"""Insecta""","""Leptochiton algesirensis""",0.9754132032394409
"""Insecta""","""Polychaeta""",0.9701619148254395
"""Insecta""","""Ophiuroidea""",0.9667492508888245
"""Insecta""","""Lepidochitona cinerea""",0.9646110534667969
"""Insecta""","""Barleeia sp.""",0.9630454778671265
"""PhytoP""","""Ectoprocta""",0.9903319478034973
"""PhytoP""","""Mytilus galloprovincialis""",0.9887486696243286
"""PhytoP""","""Musculus costulatus""",0.9860906600952148
"""PhytoP""","""Balanus sp.""",0.9844299554824829
"""PhytoP""","""Chthamalus sp.""",0.9813827276229858
"""PhytoP""","""Botryllus schlosseri""",0.981093168258667
"""PhytoP""","""Nematoda""",0.9797037839889526
"""PhytoP""","""Zooplankton""",0.9788355827331543
"""PhytoP""","""Porifera""",0.9687546491622925
"""PhytoP""","""Petricolinae""",0.9687366485595703
"""Zooplankton""","""Petricolinae""",0.9971593618392944
"""Zooplankton""","""Actinothoe sphyrodeta""",0.9956252574920654
"""Zooplankton""","""Oligochaeta""",0.994829535484314
"""Zooplankton""","""Nematoda""",0.9917894005775452
"""Zooplankton""","""Balanus sp.""",0.9901752471923828
"""Zooplankton""","""Botryllus schlosseri""",0.9899507761001587
"""Zooplankton""","""Chthamalus sp.""",0.9865669012069702
"""Zooplankton""","""Ectoprocta""",0.9812231659889221
"""Zooplankton""","""Musculus costulatus""",0.9796818494796753
"""Zooplankton""","""Mytilus galloprovincialis""",0.9789016246795654
"""Ulva lactuca""","""Tricolia pullus""",0.9955317974090576
"""Ulva lactuca""","""Lepidochitona cinerea""",0.9949673414230347
"""Ulva lactuca""","""Aplysia punctata""",0.993849515914917
"""Ulva lactuca""","""Lithophyllum sp.""",0.9936431050300598
"""Ulva lactuca""","""Paracentrotus lividus""",0.9919991493225098
"""Ulva lactuca""","""Acanthochitona crinita""",0.9905969500541687
"""Ulva lactuca""","""Rissoidae""",0.9901617765426636
"""Ulva lactuca""","""Sphacelaria cirrosa""",0.9894400835037231
"""Ulva lactuca""","""Cladophora rupestris""",0.9888673424720764
"""Ulva lactuca""","""Bifurcaria bifurcata""",0.9887001514434814
"""Cladophora rupestris""","""Sphacelaria cirrosa""",0.9958629608154297
"""Cladophora rupestris""","""Rissoidae""",0.9954185485839844
"""Cladophora rupestris""","""Gelidium corneum""",0.9951293468475342
"""Cladophora rupestris""","""Aplysia punctata""",0.9940018653869629
"""Cladophora rupestris""","""Lepidochitona cinerea""",0.9934816360473633
"""Cladophora rupestris""","""Acanthochitona crinita""",0.9929012060165405
"""Cladophora rupestris""","""Ellisolandia elongata""",0.9921495914459229
"""Cladophora rupestris""","""Bifurcaria bifurcata""",0.9920318126678467
"""Cladophora rupestris""","""Paracentrotus lividus""",0.9915128946304321
"""Cladophora rupestris""","""Tricolia pullus""",0.9913347959518433
"""Ophiuroidea""","""Gobius paganellus""",0.9920858144760132
"""Ophiuroidea""","""Sphaeromatidae""",0.9909839630126953
"""Ophiuroidea""","""Lipophrys trigloides""",0.9902617931365967
"""Ophiuroidea""","""Porcellana platycheles""",0.9891818761825562
"""Ophiuroidea""","""Polychaeta""",0.988528311252594
"""Ophiuroidea""","""Barleeia sp.""",0.9856652021408081
"""Ophiuroidea""","""Diplodus sargus sargus""",0.9841967821121216
"""Ophiuroidea""","""Leptochiton algesirensis""",0.983178973197937
"""Ophiuroidea""","""Lepidochitona cinerea""",0.9814931154251099
"""Ophiuroidea""","""Nassariidae""",0.9802733063697815
"""Colpomenia peregrina""","""Leptochiton algesirensis""",0.9958368539810181
"""Colpomenia peregrina""","""Gibbula umbilicalis""",0.9903567433357239
"""Colpomenia peregrina""","""Ellisolandia elongata""",0.9882776141166687
"""Colpomenia peregrina""","""Dictyopteris polypodioides""",0.9871350526809692
"""Colpomenia peregrina""","""Ophiuroidea""",0.9859539270401001
"""Colpomenia peregrina""","""Barleeia sp.""",0.9850703477859497
"""Colpomenia peregrina""","""Lepidochitona cinerea""",0.9840364456176758
"""Colpomenia peregrina""","""Sphaeromatidae""",0.9831930994987488
"""Colpomenia peregrina""","""Rissoidae""",0.9817626476287842
"""Colpomenia peregrina""","""Asparagopsis armata""",0.9816538095474243
"""Bifurcaria bifurcata""","""Rissoidae""",0.9970024824142456
"""Bifurcaria bifurcata""","""Lepidochitona cinerea""",0.9955968260765076
"""Bifurcaria bifurcata""","""Sphacelaria cirrosa""",0.9934675693511963
"""Bifurcaria bifurcata""","""Cladophora rupestris""",0.9920318126678467
"""Bifurcaria bifurcata""","""Gelidium corneum""",0.9919019341468811
"""Bifurcaria bifurcata""","""Ellisolandia elongata""",0.9916771650314331
"""Bifurcaria bifurcata""","""Barleeia sp.""",0.9894717931747437
"""Bifurcaria bifurcata""","""Tricolia pullus""",0.9887133836746216
"""Bifurcaria bifurcata""","""Ulva lactuca""",0.9887001514434814
"""Bifurcaria bifurcata""","""Aplysia punctata""",0.9879759550094604
"""Cystoseira sp.""","""Sphaeromatidae""",0.989714503288269
"""Cystoseira sp.""","""Saccorhiza polyschides""",0.9874189496040344
"""Cystoseira sp.""","""Dictyopteris polypodioides""",0.9846158027648926
"""Cystoseira sp.""","""Acanthochitona crinita""",0.9837237596511841
"""Cystoseira sp.""","""Gelidium corneum""",0.9830397367477417
"""Cystoseira sp.""","""Ellisolandia elongata""",0.9822208881378174
"""Cystoseira sp.""","""Sphacelaria cirrosa""",0.9800175428390503
"""Cystoseira sp.""","""Dictyota dichotoma""",0.9795064926147461
"""Cystoseira sp.""","""Pantopoda""",0.9788160920143127
"""Cystoseira sp.""","""Aplysia punctata""",0.9778735637664795
"""Sphacelaria cirrosa""","""Dictyota dichotoma""",0.9976159334182739
"""Sphacelaria cirrosa""","""Gelidium corneum""",0.9973568916320801
"""Sphacelaria cirrosa""","""Cladophora rupestris""",0.9958629608154297
"""Sphacelaria cirrosa""","""Paracentrotus lividus""",0.9955706596374512
"""Sphacelaria cirrosa""","""Rissoidae""",0.995445728302002
"""Sphacelaria cirrosa""","""Lepidochitona cinerea""",0.994538426399231
"""Sphacelaria cirrosa""","""Tricolia pullus""",0.9940850734710693
"""Sphacelaria cirrosa""","""Chiton olivaceus""",0.9940158724784851
"""Sphacelaria cirrosa""","""Aplysia punctata""",0.9937423467636108
"""Sphacelaria cirrosa""","""Sphaeromatidae""",0.9937357902526855
"""Diplodus sargus sargus""","""Palaemon longirostris""",0.9962953329086304
"""Diplodus sargus sargus""","""Gobius paganellus""",0.9880082607269287
"""Diplodus sargus sargus""","""Anemonia sulcata""",0.9868022203445435
"""Diplodus sargus sargus""","""Gibbula umbilicalis""",0.986527681350708
"""Diplodus sargus sargus""","""Felimida purpureaÃ¡""",0.9804973602294922
"""Diplodus sargus sargus""","""Palaemon elegans""",0.9755030870437622
"""Diplodus sargus sargus""","""Lipophrys pholis""",0.9752298593521118
"""Diplodus sargus sargus""","""Diaphorodoris papillata""",0.9701294898986816
"""Diplodus sargus sargus""","""Epitonium clathrus""",0.9700195789337158
"""Diplodus sargus sargus""","""Palaemon elegans""",0.9645664691925049
"""Lipophrys trigloides""","""Palaemon elegans""",0.9986526966094971
"""Lipophrys trigloides""","""Epitonium clathrus""",0.9977329969406128
"""Lipophrys trigloides""","""Diaphorodoris papillata""",0.9970002770423889
"""Lipophrys trigloides""","""Aplysia punctata""",0.9968887567520142
"""Lipophrys trigloides""","""Lipophrys pholis""",0.9964261054992676
"""Lipophrys trigloides""","""Anemonia sulcata""",0.9938082098960876
"""Lipophrys trigloides""","""Felimida purpureaÃ¡""",0.9916137456893921
"""Lipophrys trigloides""","""Gobius paganellus""",0.9650962352752686
"""Lipophrys trigloides""","""Diplodus sargus sargus""",0.9642472863197327
"""Lipophrys trigloides""","""Palaemon longirostris""",0.9592760801315308
"""Lipophrys pholis""","""Epitonium clathrus""",0.9994739890098572
"""Lipophrys pholis""","""Diaphorodoris papillata""",0.9992573261260986
"""Lipophrys pholis""","""Aplysia punctata""",0.9981130361557007
"""Lipophrys pholis""","""Felimida purpureaÃ¡""",0.9980669021606445
"""Lipophrys pholis""","""Palaemon elegans""",0.9974479675292969
"""Lipophrys pholis""","""Lipophrys trigloides""",0.9964261054992676
"""Lipophrys pholis""","""Anemonia sulcata""",0.9953703880310059
"""Lipophrys pholis""","""Gobius paganellus""",0.9776605367660522
"""Lipophrys pholis""","""Diplodus sargus sargus""",0.9752298593521118
"""Lipophrys pholis""","""Palaemon longirostris""",0.9734752178192139
"""Asparagopsis armata""","""Ellisolandia elongata""",0.9903385639190674
"""Asparagopsis armata""","""Tanaidacea""",0.9890691637992859
"""Asparagopsis armata""","""Bifurcaria bifurcata""",0.9851418733596802
"""Asparagopsis armata""","""Lepidochitona cinerea""",0.9837547540664673
"""Asparagopsis armata""","""Rissoidae""",0.9825379848480225
"""Asparagopsis armata""","""Colpomenia peregrina""",0.9816538095474243
"""Asparagopsis armata""","""Ophiuroidea""",0.9794053435325623
"""Asparagopsis armata""","""Sphaeromatidae""",0.9793078303337097
"""Asparagopsis armata""","""Gelidium corneum""",0.97858065366745
"""Asparagopsis armata""","""Ophiuroidea""",0.978480339050293
"""Gobius paganellus""","""Palaemon longirostris""",0.995572566986084
"""Gobius paganellus""","""Gibbula umbilicalis""",0.9948277473449707
"""Gobius paganellus""","""Diplodus sargus sargus""",0.9880082607269287
"""Gobius paganellus""","""Anemonia sulcata""",0.9807884693145752
"""Gobius paganellus""","""Felimida purpureaÃ¡""",0.9787025451660156
"""Gobius paganellus""","""Lipophrys pholis""",0.9776605367660522
"""Gobius paganellus""","""Palaemon elegans""",0.9750505685806274
"""Gobius paganellus""","""Epitonium clathrus""",0.9710873961448669
"""Gobius paganellus""","""Diaphorodoris papillata""",0.9708832502365112
"""Gobius paganellus""","""Aplysia punctata""",0.9672157764434814
"""Lithophyllum sp.""","""Aplysia punctata""",0.994537353515625
"""Lithophyllum sp.""","""Tricolia pullus""",0.9942874908447266
"""Lithophyllum sp.""","""Ulva lactuca""",0.9936431050300598
"""Lithophyllum sp.""","""Acanthochitona crinita""",0.9904606342315674
"""Lithophyllum sp.""","""Lophozozymus incisus""",0.9892044067382812
"""Lithophyllum sp.""","""Lepidochitona cinerea""",0.9889073371887207
"""Lithophyllum sp.""","""Gelidium corneum""",0.9885349273681641
"""Lithophyllum sp.""","""Tanaidacea""",0.9881995916366577
"""Lithophyllum sp.""","""Insecta""",0.9870896339416504
"""Lithophyllum sp.""","""Paracentrotus lividus""",0.9865426421165466
"""Gelidium corneum""","""Sphacelaria cirrosa""",0.9973568916320801
"""Gelidium corneum""","""Aplysia punctata""",0.9967367649078369
"""Gelidium corneum""","""Dictyota dichotoma""",0.9966198205947876
"""Gelidium corneum""","""Tricolia pullus""",0.9964078664779663
"""Gelidium corneum""","""Ellisolandia elongata""",0.9961458444595337
"""Gelidium corneum""","""Lepidochitona cinerea""",0.995720624923706
"""Gelidium corneum""","""Cladophora rupestris""",0.9951293468475342
"""Gelidium corneum""","""Acanthochitona crinita""",0.9949477910995483
"""Gelidium corneum""","""Rissoidae""",0.9946737885475159
"""Gelidium corneum""","""Paracentrotus lividus""",0.9936865568161011
"""Porifera""","""Felimida purpureaÃ¡""",0.9998143911361694
"""Porifera""","""Epitonium clathrus""",0.8656686544418335
"""Porifera""","""Actinothoe sphyrodeta""",0.8652863502502441
"""Porifera""","""Lipophrys trigloides""",0.821184515953064
"""Porifera""","""Aplysia punctata""",0.8155227303504944
"""Porifera""","""Palaemon elegans""",0.8138155937194824
"""Porifera""","""Chiton olivaceus""",0.8073881268501282
"""Porifera""","""Petricolinae""",0.804768443107605
"""Porifera""","""Lepidochitona cinerea""",0.8043502569198608
"""Porifera""","""Anemonia sulcata""",0.8011670112609863
"""Actinothoe sphyrodeta""","""Epitonium clathrus""",0.9999643564224243
"""Actinothoe sphyrodeta""","""Felimida purpureaÃ¡""",0.8678725957870483
"""Actinothoe sphyrodeta""","""Porifera""",0.8652863502502441
"""Actinothoe sphyrodeta""","""Petricolinae""",0.8396707773208618
"""Actinothoe sphyrodeta""","""Porifera""",0.8363592624664307
"""Actinothoe sphyrodeta""","""Oligochaeta""",0.8191485404968262
"""Actinothoe sphyrodeta""","""Zooplankton""",0.8167285323143005
"""Actinothoe sphyrodeta""","""Botryllus schlosseri""",0.8126118183135986
"""Actinothoe sphyrodeta""","""Musculus costulatus""",0.8090858459472656
"""Actinothoe sphyrodeta""","""Ectoprocta""",0.807466983795166
"""Polychaeta""","""Ophiuroidea""",0.988528311252594
"""Polychaeta""","""Tanaidacea""",0.9858368039131165
"""Polychaeta""","""Lipophrys pholis""",0.9852692484855652
"""Polychaeta""","""Lipophrys trigloides""",0.9839142560958862
"""Polychaeta""","""Pantopoda""",0.9818841218948364
"""Polychaeta""","""Gobius paganellus""",0.9799786806106567
"""Polychaeta""","""Rissoidae""",0.9787838459014893
"""Polychaeta""","""Barleeia sp.""",0.9759202003479004
"""Polychaeta""","""Porcellana platycheles""",0.9752029180526733
"""Polychaeta""","""Acanthochitona crinita""",0.9750828742980957
"""Acanthochitona crinita""","""Tricolia pullus""",0.9914907217025757
"""Acanthochitona crinita""","""Rissoidae""",0.9907982349395752
"""Acanthochitona crinita""","""Lipophrys trigloides""",0.9907510280609131
"""Acanthochitona crinita""","""Barleeia sp.""",0.9899396896362305
"""Acanthochitona crinita""","""Gammaridae""",0.9875063300132751
"""Acanthochitona crinita""","""Gobius paganellus""",0.9871329665184021
"""Acanthochitona crinita""","""Nucella sp.""",0.9862023591995239
"""Acanthochitona crinita""","""Lipophrys pholis""",0.9852902889251709
"""Acanthochitona crinita""","""Porcellana platycheles""",0.9845896363258362
"""Acanthochitona crinita""","""Leptochiton algesirensis""",0.9842692613601685
"""Lepidochitona cinerea""","""Barleeia sp.""",0.9941064119338989
"""Lepidochitona cinerea""","""Porcellana platycheles""",0.9919124841690063
"""Lepidochitona cinerea""","""Sphaeromatidae""",0.9912857413291931
"""Lepidochitona cinerea""","""Leptochiton algesirensis""",0.9911434054374695
"""Lepidochitona cinerea""","""Gobius paganellus""",0.9876234531402588
"""Lepidochitona cinerea""","""Gammaridae""",0.9870938062667847
"""Lepidochitona cinerea""","""Tricolia pullus""",0.9856434464454651
"""Lepidochitona cinerea""","""Diplodus sargus sargus""",0.9852777719497681
"""Lepidochitona cinerea""","""Lipophrys trigloides""",0.9847971796989441
"""Lepidochitona cinerea""","""Acanthochitona crinita""",0.9839655160903931
"""Chiton olivaceus""","""Sphaeromatidae""",0.9845646619796753
"""Chiton olivaceus""","""Lepidochitona cinerea""",0.9794363975524902
"""Chiton olivaceus""","""Porcellana platycheles""",0.979374885559082
"""Chiton olivaceus""","""Diplodus sargus sargus""",0.9788910150527954
"""Chiton olivaceus""","""Barleeia sp.""",0.9723211526870728
"""Chiton olivaceus""","""Palaemon longirostris""",0.9722558259963989
"""Chiton olivaceus""","""Balanus sp.""",0.9703488349914551
"""Chiton olivaceus""","""Gobius paganellus""",0.9686846137046814
"""Chiton olivaceus""","""Chthamalus sp.""",0.9670001864433289
"""Chiton olivaceus""","""Leptochiton algesirensis""",0.9668664932250977
"""Leptochiton algesirensis""","""Barleeia sp.""",0.9942877292633057
"""Leptochiton algesirensis""","""Rissoidae""",0.992214024066925
"""Leptochiton algesirensis""","""Lipophrys trigloides""",0.9919883012771606
"""Leptochiton algesirensis""","""Gammaridae""",0.9913997650146484
"""Leptochiton algesirensis""","""Lepidochitona cinerea""",0.9911434054374695
"""Leptochiton algesirensis""","""Gobius paganellus""",0.9886617660522461
"""Leptochiton algesirensis""","""Porcellana platycheles""",0.9875760674476624
"""Leptochiton algesirensis""","""Nassariidae""",0.9867241382598877
"""Leptochiton algesirensis""","""Acanthochitona crinita""",0.9842692613601685
"""Leptochiton algesirensis""","""Tricolia pullus""",0.9833296537399292
"""Gibbula umbilicalis""","""Gobius paganellus""",0.9948277473449707
"""Gibbula umbilicalis""","""Palaemon longirostris""",0.9941869974136353
"""Gibbula umbilicalis""","""Diplodus sargus sargus""",0.986527681350708
"""Gibbula umbilicalis""","""Palaemon elegans""",0.9767480492591858
"""Gibbula umbilicalis""","""Felimida purpureaÃ¡""",0.9750374555587769
"""Gibbula umbilicalis""","""Anemonia sulcata""",0.9710350036621094
"""Gibbula umbilicalis""","""Lipophrys pholis""",0.9687658548355103
"""Gibbula umbilicalis""","""Palaemon elegans""",0.9629944562911987
"""Gibbula umbilicalis""","""Epitonium clathrus""",0.9615844488143921
"""Gibbula umbilicalis""","""Diaphorodoris papillata""",0.960131049156189
"""Rissoidae""","""Lipophrys trigloides""",0.994951605796814
"""Rissoidae""","""Leptochiton algesirensis""",0.992214024066925
"""Rissoidae""","""Barleeia sp.""",0.9915638566017151
"""Rissoidae""","""Acanthochitona crinita""",0.9907982349395752
"""Rissoidae""","""Gammaridae""",0.9889121055603027
"""Rissoidae""","""Gobius paganellus""",0.987602710723877
"""Rissoidae""","""Tanaidacea""",0.9860362410545349
"""Rissoidae""","""Tricolia pullus""",0.9858444929122925
"""Rissoidae""","""Porcellana platycheles""",0.9830703735351562
"""Rissoidae""","""Lipophrys pholis""",0.9828908443450928
"""Nucella sp.""","""Lipophrys pholis""",0.9928252696990967
"""Nucella sp.""","""Tricolia pullus""",0.992501974105835
"""Nucella sp.""","""Tanaidacea""",0.9887546896934509
"""Nucella sp.""","""Gammaridae""",0.9883359670639038
"""Nucella sp.""","""Acanthochitona crinita""",0.9862023591995239
"""Nucella sp.""","""Rissoidae""",0.9801599383354187
"""Nucella sp.""","""Lipophrys trigloides""",0.9760411977767944
"""Nucella sp.""","""Polychaeta""",0.9704678058624268
"""Nucella sp.""","""Leptochiton algesirensis""",0.9676163196563721
"""Nucella sp.""","""Barleeia sp.""",0.9663484692573547
"""Tricolia pullus""","""Gammaridae""",0.9957839250564575
"""Tricolia pullus""","""Lipophrys pholis""",0.9930981397628784
"""Tricolia pullus""","""Nucella sp.""",0.992501974105835
"""Tricolia pullus""","""Acanthochitona crinita""",0.9914907217025757
"""Tricolia pullus""","""Rissoidae""",0.9858444929122925
"""Tricolia pullus""","""Lepidochitona cinerea""",0.9856434464454651
"""Tricolia pullus""","""Barleeia sp.""",0.9848827123641968
"""Tricolia pullus""","""Tanaidacea""",0.9847440719604492
"""Tricolia pullus""","""Leptochiton algesirensis""",0.9833296537399292
"""Tricolia pullus""","""Lipophrys trigloides""",0.9831098318099976
"""Barleeia sp.""","""Porcellana platycheles""",0.9967981576919556
"""Barleeia sp.""","""Gobius paganellus""",0.9950027465820312
"""Barleeia sp.""","""Leptochiton algesirensis""",0.9942877292633057
"""Barleeia sp.""","""Lepidochitona cinerea""",0.9941064119338989
"""Barleeia sp.""","""Lipophrys trigloides""",0.9925457239151001
"""Barleeia sp.""","""Rissoidae""",0.9915638566017151
"""Barleeia sp.""","""Acanthochitona crinita""",0.9899396896362305
"""Barleeia sp.""","""Sphaeromatidae""",0.987253725528717
"""Barleeia sp.""","""Ophiuroidea""",0.9856652021408081
"""Barleeia sp.""","""Gammaridae""",0.9855577945709229
"""Epitonium clathrus""","""Diaphorodoris papillata""",0.9996667504310608
"""Epitonium clathrus""","""Lipophrys pholis""",0.9994739890098572
"""Epitonium clathrus""","""Aplysia punctata""",0.9989304542541504
"""Epitonium clathrus""","""Lipophrys trigloides""",0.9977329969406128
"""Epitonium clathrus""","""Palaemon elegans""",0.9974173307418823
"""Epitonium clathrus""","""Felimida purpureaÃ¡""",0.9971088171005249
"""Epitonium clathrus""","""Anemonia sulcata""",0.9942646622657776
"""Epitonium clathrus""","""Gobius paganellus""",0.9710873961448669
"""Epitonium clathrus""","""Diplodus sargus sargus""",0.9700195789337158
"""Epitonium clathrus""","""Palaemon longirostris""",0.9668771028518677
"""Aplysia punctata""","""Epitonium clathrus""",0.9989304542541504
"""Aplysia punctata""","""Lipophrys pholis""",0.9981130361557007
"""Aplysia punctata""","""Diaphorodoris papillata""",0.9978779554367065
"""Aplysia punctata""","""Lipophrys trigloides""",0.9968887567520142
"""Aplysia punctata""","""Felimida purpureaÃ¡""",0.9959368109703064
"""Aplysia punctata""","""Palaemon elegans""",0.9952832460403442
"""Aplysia punctata""","""Anemonia sulcata""",0.9902132749557495
"""Aplysia punctata""","""Gobius paganellus""",0.9672157764434814
"""Aplysia punctata""","""Diplodus sargus sargus""",0.9633442163467407
"""Aplysia punctata""","""Palaemon longirostris""",0.960864782333374
"""Felimida purpureaÃ¡""","""Lipophrys pholis""",0.9980669021606445
"""Felimida purpureaÃ¡""","""Epitonium clathrus""",0.9971088171005249
"""Felimida purpureaÃ¡""","""Diaphorodoris papillata""",0.9964519143104553
"""Felimida purpureaÃ¡""","""Aplysia punctata""",0.9959368109703064
"""Felimida purpureaÃ¡""","""Anemonia sulcata""",0.9943156242370605
"""Felimida purpureaÃ¡""","""Palaemon elegans""",0.9939280152320862
"""Felimida purpureaÃ¡""","""Lipophrys trigloides""",0.9916137456893921
"""Felimida purpureaÃ¡""","""Diplodus sargus sargus""",0.9804973602294922
"""Felimida purpureaÃ¡""","""Gobius paganellus""",0.9787025451660156
"""Felimida purpureaÃ¡""","""Palaemon longirostris""",0.9776480793952942
"""Diaphorodoris papillata""","""Epitonium clathrus""",0.9996667504310608
"""Diaphorodoris papillata""","""Lipophrys pholis""",0.9992573261260986
"""Diaphorodoris papillata""","""Aplysia punctata""",0.9978779554367065
"""Diaphorodoris papillata""","""Lipophrys trigloides""",0.9970002770423889
"""Diaphorodoris papillata""","""Palaemon elegans""",0.99686598777771
"""Diaphorodoris papillata""","""Felimida purpureaÃ¡""",0.9964519143104553
"""Diaphorodoris papillata""","""Anemonia sulcata""",0.994064211845398
"""Diaphorodoris papillata""","""Gobius paganellus""",0.9708832502365112
"""Diaphorodoris papillata""","""Diplodus sargus sargus""",0.9701294898986816
"""Diaphorodoris papillata""","""Palaemon longirostris""",0.9672033786773682
"""Musculus costulatus""","""Nucella sp.""",0.994238018989563
"""Musculus costulatus""","""Mytilus galloprovincialis""",0.969804048538208
"""Musculus costulatus""","""Porcellana platycheles""",0.9485992193222046
"""Musculus costulatus""","""Lipophrys pholis""",0.9181433916091919
"""Musculus costulatus""","""Polychaeta""",0.9145386219024658
"""Musculus costulatus""","""Pantopoda""",0.9094616174697876
"""Musculus costulatus""","""Nucella sp.""",0.9001724123954773
"""Musculus costulatus""","""Tricolia pullus""",0.9001064300537109
"""Musculus costulatus""","""Tanaidacea""",0.8946318626403809
"""Musculus costulatus""","""Gammaridae""",0.8924314975738525
"""Mytilus galloprovincialis""","""Nucella sp.""",0.9807011485099792
"""Mytilus galloprovincialis""","""Porcellana platycheles""",0.9784260988235474
"""Mytilus galloprovincialis""","""Lipophrys pholis""",0.9699273109436035
"""Mytilus galloprovincialis""","""Musculus costulatus""",0.969804048538208
"""Mytilus galloprovincialis""","""Polychaeta""",0.9632238149642944
"""Mytilus galloprovincialis""","""Tanaidacea""",0.9562408924102783
"""Mytilus galloprovincialis""","""Pantopoda""",0.955589771270752
"""Mytilus galloprovincialis""","""Gammaridae""",0.9526665210723877
"""Mytilus galloprovincialis""","""Tricolia pullus""",0.9524828195571899
"""Mytilus galloprovincialis""","""Nucella sp.""",0.9481627941131592
"""Saccorhiza polyschides""","""Cystoseira sp.""",0.9874189496040344
"""Saccorhiza polyschides""","""Pantopoda""",0.9839019775390625
"""Saccorhiza polyschides""","""Sphaeromatidae""",0.9716572761535645
"""Saccorhiza polyschides""","""Onchidella celtica""",0.963401734828949
"""Saccorhiza polyschides""","""Dictyota dichotoma""",0.9616581797599792
"""Saccorhiza polyschides""","""Sphacelaria cirrosa""",0.9591727256774902
"""Saccorhiza polyschides""","""Gelidium corneum""",0.9588996171951294
"""Saccorhiza polyschides""","""Gibbula umbilicalis""",0.9575796127319336
"""Saccorhiza polyschides""","""Chiton olivaceus""",0.9572439193725586
"""Saccorhiza polyschides""","""Barleeia sp.""",0.9559046626091003
"""Dictyota dichotoma""","""Sphacelaria cirrosa""",0.9976159334182739
"""Dictyota dichotoma""","""Gelidium corneum""",0.9966198205947876
"""Dictyota dichotoma""","""Paracentrotus lividus""",0.9956193566322327
"""Dictyota dichotoma""","""Chiton olivaceus""",0.9955817461013794
"""Dictyota dichotoma""","""Tricolia pullus""",0.9944740533828735
"""Dictyota dichotoma""","""Aplysia punctata""",0.9931360483169556
"""Dictyota dichotoma""","""Acanthochitona crinita""",0.9918957352638245
"""Dictyota dichotoma""","""Sphaeromatidae""",0.9909770488739014
"""Dictyota dichotoma""","""Lepidochitona cinerea""",0.9908975958824158
"""Dictyota dichotoma""","""Cladophora rupestris""",0.990544319152832
"""Tanaidacea""","""Lipophrys pholis""",0.9934684038162231
"""Tanaidacea""","""Gammaridae""",0.9909976720809937
"""Tanaidacea""","""Nucella sp.""",0.9887546896934509
"""Tanaidacea""","""Lipophrys trigloides""",0.9868019223213196
"""Tanaidacea""","""Rissoidae""",0.9860362410545349
"""Tanaidacea""","""Polychaeta""",0.9858368039131165
"""Tanaidacea""","""Tricolia pullus""",0.9847440719604492
"""Tanaidacea""","""Acanthochitona crinita""",0.9807043671607971
"""Tanaidacea""","""Leptochiton algesirensis""",0.9805821180343628
"""Tanaidacea""","""Ophiuroidea""",0.9781075716018677
"""Sphaeromatidae""","""Porcellana platycheles""",0.9934881925582886
"""Sphaeromatidae""","""Lepidochitona cinerea""",0.9912857413291931
"""Sphaeromatidae""","""Ophiuroidea""",0.9909839630126953
"""Sphaeromatidae""","""Gobius paganellus""",0.9904577136039734
"""Sphaeromatidae""","""Barleeia sp.""",0.987253725528717
"""Sphaeromatidae""","""Diplodus sargus sargus""",0.9871832132339478
"""Sphaeromatidae""","""Chiton olivaceus""",0.9845646619796753
"""Sphaeromatidae""","""Leptochiton algesirensis""",0.9811906814575195
"""Sphaeromatidae""","""Lipophrys trigloides""",0.981155514717102
"""Sphaeromatidae""","""Asparagopsis armata""",0.9793078303337097
"""Dictyopteris polypodioides""","""Acanthochitona crinita""",0.9909948110580444
"""Dictyopteris polypodioides""","""Sphaeromatidae""",0.9904355406761169
"""Dictyopteris polypodioides""","""Insecta""",0.9896625280380249
"""Dictyopteris polypodioides""","""Colpomenia peregrina""",0.9871350526809692
"""Dictyopteris polypodioides""","""Aplysia punctata""",0.9857739210128784
"""Dictyopteris polypodioides""","""Cystoseira sp.""",0.9846158027648926
"""Dictyopteris polypodioides""","""Ophiuroidea""",0.982907772064209
"""Dictyopteris polypodioides""","""Lepidochitona cinerea""",0.9828318357467651
"""Dictyopteris polypodioides""","""Barleeia sp.""",0.9827736616134644
"""Dictyopteris polypodioides""","""Tricolia pullus""",0.9827412366867065
"""Paracentrotus lividus""","""Marthasterias glacialis""",0.9959907531738281
"""Paracentrotus lividus""","""Petricolinae""",0.986539363861084
"""Paracentrotus lividus""","""Nucella sp.""",0.9209707975387573
"""Paracentrotus lividus""","""Lipophrys pholis""",0.902872622013092
"""Paracentrotus lividus""","""Tricolia pullus""",0.8988857865333557
"""Paracentrotus lividus""","""Mytilus galloprovincialis""",0.8973460793495178
"""Paracentrotus lividus""","""Pantopoda""",0.8868138194084167
"""Paracentrotus lividus""","""Gammaridae""",0.8867030143737793
"""Paracentrotus lividus""","""Tanaidacea""",0.8841124773025513
"""Paracentrotus lividus""","""Saccorhiza polyschides""",0.8670298457145691
"""Gammaridae""","""Tricolia pullus""",0.9957839250564575
"""Gammaridae""","""Lipophrys pholis""",0.9931825995445251
"""Gammaridae""","""Leptochiton algesirensis""",0.9913997650146484
"""Gammaridae""","""Tanaidacea""",0.9909976720809937
"""Gammaridae""","""Rissoidae""",0.9889121055603027
"""Gammaridae""","""Nucella sp.""",0.9883359670639038
"""Gammaridae""","""Acanthochitona crinita""",0.9875063300132751
"""Gammaridae""","""Lepidochitona cinerea""",0.9870938062667847
"""Gammaridae""","""Lipophrys trigloides""",0.9864249229431152
"""Gammaridae""","""Barleeia sp.""",0.9855577945709229
"""Palaemon longirostris""","""Diplodus sargus sargus""",0.9962953329086304
"""Palaemon longirostris""","""Gobius paganellus""",0.995572566986084
"""Palaemon longirostris""","""Gibbula umbilicalis""",0.9941869974136353
"""Palaemon longirostris""","""Anemonia sulcata""",0.9814444184303284
"""Palaemon longirostris""","""Felimida purpureaÃ¡""",0.9776480793952942
"""Palaemon longirostris""","""Lipophrys pholis""",0.9734752178192139
"""Palaemon longirostris""","""Palaemon elegans""",0.9710087776184082
"""Palaemon longirostris""","""Palaemon elegans""",0.9695934057235718
"""Palaemon longirostris""","""Diaphorodoris papillata""",0.9672033786773682
"""Palaemon longirostris""","""Epitonium clathrus""",0.9668771028518677
"""Palaemon elegans""","""Lipophrys trigloides""",0.9986526966094971
"""Palaemon elegans""","""Anemonia sulcata""",0.99773770570755
"""Palaemon elegans""","""Lipophrys pholis""",0.9974479675292969
"""Palaemon elegans""","""Epitonium clathrus""",0.9974173307418823
"""Palaemon elegans""","""Diaphorodoris papillata""",0.99686598777771
"""Palaemon elegans""","""Aplysia punctata""",0.9952832460403442
"""Palaemon elegans""","""Felimida purpureaÃ¡""",0.9939280152320862
"""Palaemon elegans""","""Diplodus sargus sargus""",0.9755030870437622
"""Palaemon elegans""","""Gobius paganellus""",0.9750505685806274
"""Palaemon elegans""","""Palaemon longirostris""",0.9710087776184082
"""Ellisolandia elongata""","""Gelidium corneum""",0.9961458444595337
"""Ellisolandia elongata""","""Lepidochitona cinerea""",0.9951122999191284
"""Ellisolandia elongata""","""Rissoidae""",0.9936907291412354
"""Ellisolandia elongata""","""Aplysia punctata""",0.9935917854309082
"""Ellisolandia elongata""","""Cladophora rupestris""",0.9921495914459229
"""Ellisolandia elongata""","""Bifurcaria bifurcata""",0.9916771650314331
"""Ellisolandia elongata""","""Tricolia pullus""",0.9915246963500977
"""Ellisolandia elongata""","""Sphacelaria cirrosa""",0.9910166263580322
"""Ellisolandia elongata""","""Acanthochitona crinita""",0.9907606244087219
"""Ellisolandia elongata""","""Asparagopsis armata""",0.9903385639190674
"""Porcellana platycheles""","""Gobius paganellus""",0.9974602460861206
"""Porcellana platycheles""","""Barleeia sp.""",0.9967981576919556
"""Porcellana platycheles""","""Sphaeromatidae""",0.9934881925582886
"""Porcellana platycheles""","""Lepidochitona cinerea""",0.9919124841690063
"""Porcellana platycheles""","""Lipophrys trigloides""",0.9892855882644653
"""Porcellana platycheles""","""Ophiuroidea""",0.9891818761825562
"""Porcellana platycheles""","""Leptochiton algesirensis""",0.9875760674476624
"""Porcellana platycheles""","""Acanthochitona crinita""",0.9845896363258362
"""Porcellana platycheles""","""Rissoidae""",0.9830703735351562
"""Porcellana platycheles""","""Chiton olivaceus""",0.979374885559082
"""Petricolinae""","""Marthasterias glacialis""",0.9936983585357666
"""Petricolinae""","""Paracentrotus lividus""",0.986539363861084
"""Petricolinae""","""Nucella sp.""",0.8921381235122681
"""Petricolinae""","""Tricolia pullus""",0.8855670690536499
"""Petricolinae""","""Lipophrys pholis""",0.8767809271812439
"""Petricolinae""","""Mytilus galloprovincialis""",0.8750737905502319
"""Petricolinae""","""Gammaridae""",0.8693888783454895
"""Petricolinae""","""Pantopoda""",0.8516244888305664
"""Petricolinae""","""Tanaidacea""",0.8476218581199646
"""Petricolinae""","""Acanthochitona crinita""",0.8447306156158447
"""Chthamalus sp.""","""Insecta""",0.9922313094139099
"""Chthamalus sp.""","""Palaemon longirostris""",0.9886460304260254
"""Chthamalus sp.""","""Balanus sp.""",0.9872766733169556
"""Chthamalus sp.""","""Nassariidae""",0.9864927530288696
"""Chthamalus sp.""","""Diplodus sargus sargus""",0.9804837107658386
"""Chthamalus sp.""","""Ophiuroidea""",0.9742386341094971
"""Chthamalus sp.""","""Polychaeta""",0.9694318771362305
"""Chthamalus sp.""","""Leptochiton algesirensis""",0.9683083295822144
"""Chthamalus sp.""","""Chiton olivaceus""",0.9670001864433289
"""Chthamalus sp.""","""Sphaeromatidae""",0.9635757207870483